,0
0,25.260082056718236
1,-6.466007160964565
2,23.694319398647664
3,6.744823433972448
4,25.421023844768754
5,25.473872361417477
6,9.473272941696086
7,31.129581076929945
8,15.04096004020645
9,7.082309275999569
10,27.950832778382022
11,26.689975812551463
12,26.887740976241286
13,15.625730333372628
14,19.427292625654733
15,21.967368970282845
16,9.155369147137277
17,9.082808167179374
18,8.459991415307544
19,7.900139344359004
20,8.343559116773351
21,13.590857413975773
22,10.85863580202279
23,16.072105273770116
24,10.105291322045383
25,11.70540821134884
26,18.585320528801397
27,14.797734315857479
28,13.511669977034867
29,12.580319359175473
30,16.6079081688303
31,12.859542626999794
32,7.03107711063577
33,7.671852080223942
34,18.589456570755505
35,19.151622624520435
36,17.622986581195253
37,10.312265665791946
38,11.043605419853593
39,21.856554477314567
40,16.596015119636437
41,8.13202395840238
42,11.561158491156881
43,4.047944410235592
44,20.812676113625486
45,11.53999981582947
46,22.09904186401799
47,8.975655252764705
48,16.057166874709797
49,9.890268320562921
50,18.813230970883144
51,11.718967027331608
52,19.797971309848368
53,12.037805129578729
54,13.964737442739017
55,13.931731634206002
56,10.72804779309891
57,7.8564917223558055
58,15.003785681013163
59,16.981318507542355
60,22.643944517579545
61,16.02607215405757
62,11.969359897889218
63,11.552206895144693
64,10.890382086333357
65,9.825132689608902
66,5.755761657764046
67,16.602411414214767
68,15.363101214259023
69,9.738625172315496
70,9.98336226800389
71,16.030921420714424
72,16.104540808817383
73,12.73804495157529
74,13.747363141714816
75,15.48351063190741
76,12.413574526857952
77,14.36833013395479
78,19.693346040412973
79,18.761008296822833
80,9.382579526698887
81,14.962999676783392
82,14.173608109926763
83,17.909597791510485
84,10.516217047465226
85,19.489321122692967
86,16.98002564001332
87,12.776342290274366
88,16.191970465368875
89,16.155231995595354
90,14.801174047315136
91,17.33388717360338
92,12.151363801199263
93,16.50509076702567
94,12.293460235392509
95,16.202308825517076
96,22.350954887375938
97,19.087139045691707
98,13.83573733049056
99,12.63685100864325
100,17.99730940667316
101,23.28051008058638
102,14.944308617851307
103,11.236961689778104
104,13.84266344740852
105,15.819679807742366
106,16.80348522033626
107,22.775843429225663
108,14.90812145448343
109,20.986304552508006
110,15.146068237988628
111,11.820916341363423
112,16.740452172994498
113,12.759024465251807
114,11.157290339694075
115,22.08574054630645
116,12.762907873339396
117,7.27548920258665
118,12.501227553585379
119,13.780055365464587
120,14.245098179274086
121,15.143427403586859
122,19.265429908854966
123,9.71024049313181
124,16.20980644740396
125,12.49982348232643
126,8.978311431844668
127,8.502141425946089
128,21.333064833979698
129,22.793948344998796
130,15.417878819661297
131,10.84032873917546
132,11.516361419375539
133,7.004759099001382
134,14.853071932135439
135,12.930454899244726
136,14.578499766163224
137,9.636815886162362
138,14.153719726335988
139,21.477047464331307
140,10.16651065097612
141,16.475720903381866
142,17.39174801227045
143,10.76176643270832
144,7.859002972962274
145,8.890642537092411
146,14.996353924138333
147,9.714315452181474
148,12.003650931420982
149,14.55172840194936
150,14.911790072722594
151,16.917059810003522
152,20.916198412456037
153,14.763825242474695
154,12.052588280545956
155,20.306284331504706
156,19.274029826599573
157,18.153782498073053
158,12.606128114784038
159,18.208237744672893
160,15.86990596944862
161,24.272269764390863
162,14.43312032690674
163,18.055044230587207
164,17.025633056598615
165,24.715877864262662
166,15.29657234459339
167,15.50037638096306
168,17.066286198401638
169,13.534204718482721
170,11.896646026062154
171,17.008669602085387
172,15.108720614772079
173,14.085654718356105
174,20.30597251751453
175,14.04976529878589
176,15.159406103204873
177,11.691367365026439
178,12.880462840486736
179,12.93379716761554
180,7.63333618352373
181,9.03081898118242
182,10.287162198624678
183,13.898523772490087
184,9.262456008494016
185,8.648137070092123
186,19.39113969909661
187,17.09009459815405
188,11.309492604023768
189,15.271727585182454
190,19.37919886690878
191,10.349264412620222
192,9.692617859817696
193,18.89566265464688
194,20.00486135269311
195,12.050785950745375
196,9.652092986516584
197,11.048787298597489
198,19.007044671676258
199,12.878111614470729
200,19.895911220983898
201,16.988141958112127
202,16.4361297047276
203,18.913168358698567
204,16.576919718264868
205,12.803174541267655
206,18.94366949816618
207,11.03325115674022
208,14.148049635795658
209,16.660583269424322
210,20.83074313421892
211,10.93100786745069
212,18.670254084928278
213,10.321717840531445
214,15.202701577972247
215,13.681285197525067
216,11.704936135141073
217,16.085750900045255
218,12.822187776516628
219,13.080524316209747
220,18.21211411727739
221,18.63177685835728
222,17.858932037418604
223,9.45109693658618
224,13.632818915258042
225,9.580328559331939
226,13.270758667952633
227,12.722006839822303
228,17.470406021932483
229,11.660581010102643
230,13.630275060773574
231,14.788212062112699
232,22.010786005454047
233,7.668851279705081
234,16.9396907853515
235,14.147805503286325
236,12.727474526969232
237,16.725792354867394
238,14.836749275160205
239,12.239344521042707
240,8.835732920518483
241,19.671883500776712
242,7.525513694026924
243,15.81668688237933
244,21.404568388213608
245,20.017409702529445
246,8.831382890747843
247,9.014471050968663
248,17.527022214198812
249,8.747158789193158
250,13.701069581188905
251,14.686833145718758
252,17.398251250931875
253,17.92276005618207
254,8.520373593656718
255,18.461162613002777
256,9.397569794447895
257,18.660212996871607
258,14.700135711343636
259,14.617427840197388
260,11.545850170269423
261,20.404604999925276
262,17.07153753885642
263,9.816884770939506
264,19.33293917012692
265,9.864102637651587
266,13.41520187791716
267,18.97674058246658
268,18.575321830947004
269,18.690376765037236
270,14.099381638377574
271,17.956467775530538
272,17.909879202008316
273,10.588308444762001
274,10.097951582375497
275,4.6121361860362065
276,4.541270361999398
277,23.67040771972637
278,19.708985092902477
279,13.585014663460573
280,17.948408272283906
281,18.800863678537855
282,10.34530828749657
283,21.882707744411345
284,13.412518813750346
285,13.130717441100222
286,9.03432432205115
287,11.33551023096733
288,17.4148344470208
289,10.449371986408329
290,12.761808419662476
291,10.440882924529909
292,13.203252904023572
293,12.629624721498429
294,18.61304437447311
295,15.797619701449033
296,10.398673136142532
297,15.06163305844233
298,11.94621586681499
299,13.208648448818348
300,18.3069015511035
301,14.690547187334948
302,14.2276583399932
303,20.630104316652517
304,16.164258188492575
305,19.05637784820827
306,11.312644930161607
307,14.233607313257364
308,22.1801940843348
309,6.572745601448865
310,14.390570902298007
311,20.572782417837242
312,14.604721336891437
313,19.491079587039813
314,8.040960394386406
315,15.794667528898811
316,15.702361779141528
317,7.283008955959317
318,14.693253009761946
319,13.524616942467555
320,6.890430510928872
321,15.544661863604494
322,10.346237278700599
323,9.583082274001136
324,15.394825217643234
325,8.597657761838551
326,17.957076618605875
327,17.83193851587331
328,11.286192731170273
329,13.894369165142711
330,16.623977145208926
331,10.99198669441276
332,13.395445598666823
333,7.1939341689952085
334,17.530244979612547
335,17.85774263478561
336,14.896694636595047
337,21.30726340509959
338,9.08236909466534
339,14.305662205334093
340,13.420115116799538
341,12.73286108273753
342,18.523780144020105
343,14.848493149086467
344,7.507851823654434
345,19.430274343858507
346,20.126376813066308
347,20.22784709247116
348,9.648970625633668
349,12.732935147953624
350,20.530160936674918
351,17.43904837968914
352,16.586010813646936
353,16.079061186745612
354,9.293178825965086
355,18.046322328136686
356,13.609316794317833
357,9.202005344440638
358,14.56994734430549
359,13.594006637109526
360,21.050252998352775
361,15.798164307944267
362,9.109562063282919
363,14.295607436381045
364,12.716806124690775
365,15.09081485757604
366,14.801668440276128
367,20.61395542916557
368,22.22682033527327
369,10.477027947032965
370,13.92234738846912
371,14.671490668812563
372,22.173464421391337
373,17.079625107451427
374,14.804420933049988
375,6.20515468912187
376,10.675122161468424
377,17.14001344426619
378,19.553769849297097
379,19.687781381192046
380,12.153721658244837
381,6.833132486528623
382,20.952891037947573
383,6.647526252253357
384,20.991992114106747
385,17.78877030291746
386,15.333695599480508
387,25.49322826167941
388,16.434220431964757
389,11.616903557228472
390,15.379870928438068
391,13.00294105368313
392,11.25823301901555
393,17.309634542935108
394,17.453594634656618
395,15.144692305250885
396,12.553871783833154
397,15.144237277112882
398,7.312779467585942
399,24.035518997245422
400,5.549673979236724
401,16.79790138554316
402,15.67698829892852
403,10.876194798591374
404,15.054446346348493
405,14.946627227900386
406,15.18287524016801
407,17.70547872705658
408,17.042934442967553
409,16.458432107188646
410,16.214716995101266
411,13.730403683775323
412,7.341691858207821
413,9.188526185149447
414,13.725957532308174
415,15.906572724814762
416,20.714196420008342
417,11.986594013688952
418,12.950015759549002
419,14.26665776703464
420,13.070577362384569
421,12.851711453500943
422,21.267113453376595
423,14.880279779597645
424,10.137285006788018
425,11.43652733500391
426,13.41966619108037
427,16.19891981117447
428,16.096995596577504
429,8.187535834631175
430,22.545120101284592
431,12.002494685317608
432,6.104784899093509
433,14.090171606433195
434,10.121465448750111
435,14.488344715333877
436,24.561163651641813
437,16.900034441556812
438,17.169972774103226
439,18.737605706798078
440,11.392029712540776
441,19.471603224715118
442,21.2156049474608
443,16.882269033665214
444,15.372646897818173
445,18.42462575260629
446,13.720678453561165
447,13.348403058969419
448,12.975331267278687
449,18.316666334882395
450,16.234609989384087
451,8.238540350315846
452,13.67203057147988
453,15.672901729671546
454,18.911067777423295
455,15.016164423733889
456,10.35825818047714
457,14.734848206692847
458,17.226996530874967
459,17.033720224703227
460,11.17400353582782
461,14.502506183483675
462,20.051241999667273
463,8.07517913652533
464,11.35859972063322
465,4.767685348478178
466,8.477472629139914
467,10.253511891117897
468,16.432600735610816
469,14.668490543487842
470,15.060974632680365
471,24.103883586549625
472,22.587222689734336
473,5.038124448411729
474,16.0727465691327
475,13.657776464700389
476,18.022021844301022
477,15.070401542693274
478,18.097229304472375
479,17.27119231571983
480,14.59558086099277
481,19.29505526896183
482,21.67041612038251
483,9.681839946268047
484,10.094818552727675
485,17.422470254578535
486,12.792974215374791
487,7.588879108418513
488,9.455922960419283
489,15.62715369029487
490,12.628932877243619
491,14.704786037818437
492,23.265126098285627
493,8.515288826689604
494,11.85829733850802
495,14.330539832112706
496,18.833650561127776
497,10.772078762593207
498,23.111155036701724
499,11.615311836368852
500,14.898233702878779
501,14.942983180938539
502,20.500160499243258
503,12.315814467165053
504,22.745225527639015
505,17.933931252295334
506,3.618114979535745
507,11.1917892974128
508,18.963996985126286
509,22.85770950327291
510,11.572534657811044
511,23.013044659329555
512,11.429805574948412
513,23.611647889833485
514,16.65516733979469
515,17.25982915094038
516,13.76995808967571
517,11.275943091806322
518,18.12339860224108
519,21.158499838476814
520,10.006291716008116
521,14.778856144866634
522,12.00251379663221
523,13.571418453140462
524,14.931150164429399
525,12.543736335957357
526,16.010567291639312
527,15.338597635555569
528,4.4489667745449495
529,14.831825192214856
530,12.535403671475823
531,10.497398416563193
532,10.783077122194761
533,10.927949146973553
534,19.639689560248517
535,14.464577736594359
536,13.590609339869529
537,13.926784098196661
538,12.427446514756326
539,15.97065369663347
540,17.974087015187024
541,10.908147712092891
542,16.538200074297862
543,15.54707717876708
544,14.378556166014858
545,16.449961419673716
546,13.873051300500723
547,21.960060407131046
548,15.289302783649436
549,16.766368462222573
550,14.69585035631239
551,15.003908239692707
552,11.048678009130072
553,11.508464971439745
554,17.57739772447236
555,10.040804561384025
556,10.882195865041888
557,12.55251921897179
558,12.78440395236141
559,11.25829437839505
560,13.289103730043646
561,17.80774009426767
562,18.13855127522405
563,15.082641724463333
564,7.726554261855839
565,7.558820672064509
566,12.296349041901646
567,24.77625037037223
568,13.57090643072475
569,12.658692054497344
570,11.06431188084315
571,16.94771816549121
572,17.363781951371863
573,4.708888545122233
574,13.053306472286593
575,12.559102507378727
576,17.039714364719604
577,15.2161227272851
578,11.69452653074864
579,16.273694206000645
580,24.00468907871497
581,21.995914973500398
582,8.867013809754557
583,14.648278979747952
584,13.617590749248508
585,12.350905296406639
586,13.562140558536028
587,6.4255360518951425
588,17.69819011592906
589,9.887944736585876
590,14.298272038344786
591,6.87104365896928
592,15.822803323062415
593,12.041587717302534
594,10.775254015477483
595,5.94633245049529
596,16.17067470070148
597,21.609482381440014
598,13.762270122730984
599,11.323451225586902
600,8.70133439811936
601,16.339537591885758
602,13.569952234687175
603,9.792177254796764
604,13.893014023492453
605,15.693460499789191
606,23.08093048333042
607,9.870528930259258
608,14.765252663970498
609,7.61146082263826
610,12.570702933370178
611,12.655815753640416
612,16.181191186744904
613,12.175277967453207
614,15.612076085864624
615,13.717340382701886
616,10.057261719441556
617,10.548811543322557
618,12.1977152679307
619,23.87505710656674
620,19.418072852818764
621,12.565599992935217
622,13.80043852401148
623,7.039931956205546
624,15.022145766555465
625,14.052586909729008
626,10.999821056178268
627,9.928900210941912
628,17.198773963436413
629,11.956203157841362
630,6.7215202142876525
631,15.023628241558685
632,10.843565291383358
633,21.14759611619826
634,14.319364737538613
635,21.1872183765465
636,20.232082491304244
637,20.723453102067182
638,17.12224533859829
639,8.032149949413395
640,16.992249699398897
641,14.343672968410504
642,17.742179640805084
643,6.84355297925519
644,9.103667646624036
645,8.528933075712692
646,12.577478535540886
647,15.979921355855822
648,19.23322111882629
649,8.314254896189244
650,14.999008011863696
651,12.010302099295325
652,18.292443706422816
653,9.869686937325824
654,18.21558635628379
655,5.401049715029048
656,16.179823105263434
657,15.111114907152846
658,15.055826319096598
659,16.95114734977108
660,10.52561249071589
661,5.149643976219441
662,16.37851723611644
663,12.106461123102749
664,10.653489476788055
665,18.935846422287927
666,15.866673681500707
667,13.839423400133443
668,18.397437553895553
669,9.313058809821367
670,14.386813870634711
671,19.24377355901351
672,6.353123454414359
673,10.503097527278687
674,17.886719595134366
675,15.868776839473146
676,17.439895095674526
677,11.208206366364609
678,13.039636161262694
679,12.741008206804253
680,23.444736628258333
681,13.993023390760747
682,15.021846490799478
683,10.581720241281099
684,21.016390575890846
685,13.272235866044854
686,15.05590744149158
687,10.667749100415994
688,7.6225960650853715
689,20.332311720293454
690,18.452753908960627
691,9.712221336730744
692,12.898741870442112
693,14.30785315144373
694,19.395111076629256
695,9.336568028152636
696,23.01226852339429
697,9.71718551880351
698,12.426246832746623
699,6.788269155224917
700,21.31753714138548
701,11.148456944159262
702,11.60544753703945
703,5.844646533073446
704,18.35508164564914
705,10.40846846510841
706,18.769195872374365
707,21.546313763033655
708,18.926491082455666
709,13.921634138080275
710,14.163108624342712
711,19.434953146125586
712,17.87947133706715
713,15.636255812345459
714,10.190507401127036
715,18.38978098003223
716,6.660391554412031
717,15.734669359939264
718,10.016766677680812
719,12.333620776781764
720,13.650611835365403
721,9.305247101421017
722,19.236239752981646
723,18.369219242002245
724,16.798309881975822
725,11.377968789686463
726,21.634702108444525
727,8.694356447261208
728,12.389215736691375
729,11.733018723754949
730,14.323833074616825
731,13.515319584224937
732,24.64497579967258
733,10.891339850158513
734,10.365575021436394
735,18.633724589706965
736,8.275493109549112
737,3.4711684935521
738,8.433430585735833
739,8.752184246848415
740,13.110234530366114
741,13.890887958309651
742,15.949259636054373
743,9.627254514274105
744,16.32212599810667
745,12.05820326957331
746,7.8172984657167115
747,12.796661205494265
748,10.841850465009982
749,13.940581260848706
750,14.580817758163725
751,11.311233328184098
752,20.105580424462914
753,18.819115447863446
754,11.960868684095862
755,14.06820405697937
756,13.04926660204935
757,19.897101292141844
758,13.450573552030404
759,18.640780223453632
760,23.587405017588956
761,16.76012119935245
762,7.753200101641582
763,23.34155897555419
764,17.622614406414684
765,21.611405284151772
766,23.612287028935047
767,4.305685263381462
768,10.602256694631539
769,10.0793934846228
770,16.376736959371833
771,18.2519323289386
772,12.570479944725994
773,15.014379584473364
774,8.939561910211264
775,21.86922840499028
776,11.09420943496917
777,11.739227381488037
778,11.236454625132444
779,9.681901629314336
780,20.261829902156563
781,10.689627376275213
782,17.738693215426977
783,12.51649830474346
784,16.17067673637834
785,19.322647510814566
786,13.18328093733239
787,13.903468182245984
788,19.05952839848116
789,8.242206717873259
790,12.81387127933599
791,10.498508105734714
792,15.301896574461223
793,11.580873239344944
794,6.550129403569514
795,23.26773897600146
796,18.13647665672906
797,16.93823325951497
798,13.497641170719705
799,12.989975529192655
800,15.928388047354208
801,8.055456006220576
802,9.297757293780036
803,15.882218285539295
804,10.906626878050513
805,19.263293824383737
806,9.768882541243073
807,15.396216718934882
808,10.393602431491827
809,17.714155812277106
810,8.058154782424987
811,13.6004317489663
812,11.174885412009017
813,17.331862037903374
814,13.759905629657565
815,9.712600196871927
816,13.685670687954016
817,23.024907014496776
818,15.158974086810336
819,13.7204298106349
820,12.957436320232674
821,16.028611623264815
822,10.413950128488692
823,15.938517489880953
824,17.38030144501945
825,5.665785336257232
826,10.67701405944874
827,12.39798790366516
828,16.753737669336903
829,17.78224016640087
830,19.64715860764363
831,12.25087161382366
832,17.30292144482212
833,3.89500696918385
834,14.972687492095062
835,9.533591834788005
836,11.32173257526851
837,10.252741418880525
838,6.644468834718701
839,15.449538978759085
840,20.61366404592507
841,15.492340691827964
842,20.841857823087157
843,12.736487749019075
844,17.35900409648692
845,18.32860519562181
846,16.584737379463878
847,15.496544003270774
848,20.498186689028
849,12.794538690050286
850,11.036190788311755
851,13.215497473607414
852,15.015538741490131
853,18.928840368578303
854,21.60273285968399
855,10.115515879401412
856,12.021879810438385
857,18.985890422606314
858,15.135978804200853
859,10.631684267548305
860,17.48356952415499
861,8.622215997406792
862,5.865933624510522
863,13.922658039838494
864,19.30243659788235
865,9.172152983229225
866,10.873152620032696
867,12.793717298091526
868,12.651410192014161
869,23.950767738178296
870,18.52145721923606
871,13.479874378383846
872,13.65878860614668
873,14.719958548021472
874,14.913110838961664
875,15.218276274585296
876,13.237179216084893
877,14.347574401488208
878,19.09159504081319
879,11.810353137875087
880,18.185265044994303
881,8.34998280938931
882,14.078065680320092
883,12.70261080881943
884,11.836514156986203
885,17.78339521478384
886,13.472999685903433
887,12.418498107405627
888,12.938011012524866
889,13.699991267315356
890,22.704105560021336
891,14.385986773323026
892,17.65897631541802
893,16.386162651129194
894,11.854656858481285
895,8.476080298217088
896,18.071822932839837
897,17.625836878793624
898,21.398070633358717
899,17.735853910348045
900,19.934048592608224
901,13.480070687603014
902,17.150088376166426
903,15.077094993454836
904,13.793710820412326
905,16.069386606339233
906,10.497760689867993
907,17.282778002783353
908,18.999584696659046
909,16.703438728432722
910,16.672801157816597
911,13.950059387453974
912,13.821760019840116
913,21.624613663513767
914,19.282159557472923
915,19.6085133961906
916,16.5858396352804
917,16.342352703686675
918,11.315137689903764
919,20.845476657111842
920,14.453665413689654
921,16.776538968562082
922,15.292769881560861
923,15.637348888075044
924,17.501558261135557
925,12.551645564075963
926,5.8671801996346415
927,15.565816977562449
928,11.925215867689156
929,12.14703592361171
930,14.984189712920834
931,12.299663974767936
932,19.042122205478744
933,12.581333934080714
934,17.968742566928757
935,16.742968078097796
936,13.788067698198414
937,14.594156543673636
938,16.499323894657692
939,15.855864266548528
940,19.001118169478467
941,14.770607839223812
942,16.48963583374235
943,14.28321776391661
944,11.564338266626292
945,10.174775128603617
946,7.655743954516061
947,13.484800978516382
948,11.776265927906817
949,10.240348346756731
950,12.13606884488025
951,9.733569431610688
952,12.402132432699974
953,12.159314736776748
954,16.050780132458954
955,17.31248009077305
956,17.914391856939723
957,19.56531907797486
958,10.684002948427164
959,13.60898006913392
960,9.764365375492877
961,21.833196388401575
962,14.626367622925176
963,22.228792634278964
964,5.837695384981477
965,23.411243266598113
966,18.033908701887725
967,17.562910954855976
968,13.83560255316268
969,9.056782549789435
970,15.140409156629813
971,12.58600067098129
972,13.180005340950693
973,10.92533712048317
974,23.273254101345557
975,13.066438775451173
976,11.825917237282816
977,10.47003710067064
978,14.149821015199361
979,15.166905088905331
980,20.765173509419327
981,16.847011301804855
982,16.724420288179715
983,8.678614010004365
984,15.348629143235607
985,16.168301468546684
986,15.796760947621745
987,12.745419557401153
988,7.904863489151099
989,11.550136380779813
990,18.02309609667356
991,6.258005814510873
992,15.261903035475278
993,14.298434541088064
994,22.130845191827206
995,13.049730108812419
996,20.52614403894442
997,15.012577245002188
998,17.47053226767235
999,4.39801279278669
1000,20.162903160680457
1001,19.247035836017524
1002,9.460270129833594
1003,16.877476577184215
1004,13.281226468995005
1005,8.022471053240867
1006,16.46641605841343
1007,13.109130877646798
1008,16.17719992239618
1009,20.780060788577078
1010,17.71067827924666
1011,11.367470208057739
1012,7.598622526958036
1013,12.051738509761448
1014,8.842513520506913
1015,18.183828687125985
1016,6.4515507804678025
1017,14.932130490987038
1018,15.295915592885578
1019,21.00845295317558
1020,18.401210636402034
1021,11.128512671301243
1022,10.78368847332604
1023,17.91163319698834
1024,7.90932739250018
1025,12.742469762272215
1026,10.979276639557083
1027,11.60032628622715
1028,5.837509950232423
1029,22.250378770452276
1030,21.216783206077768
1031,12.35629097991216
1032,16.2313373676994
1033,14.535471923189574
1034,13.173072286563075
1035,18.247584229259434
1036,19.856800729812246
1037,20.43163474485686
1038,15.13749715908134
1039,15.689397841512356
1040,7.828099285073395
1041,10.358319547894133
1042,18.861709479410823
1043,16.142006965950763
1044,18.764952693036495
1045,16.520849513898213
1046,21.98006605070038
1047,10.109631463459378
1048,11.350117235216594
1049,12.705418455299116
1050,4.924579369370692
1051,18.86246866270348
1052,23.049675972650995
1053,10.458954676417106
1054,13.83877106423144
1055,12.767136333229177
1056,10.46679462149189
1057,15.145977272304432
1058,18.476372648751042
1059,15.921601364753782
1060,12.519567770276891
1061,12.601260671939825
1062,18.79242420430252
1063,8.103436543318448
1064,12.254524538408283
1065,12.964512789793758
1066,12.313414401651226
1067,14.56691343531492
1068,8.81020274949228
1069,10.053665556523438
1070,13.349325436604008
1071,23.42047412340564
1072,16.191004259623206
1073,17.842394707001304
1074,7.3725446321225565
1075,15.301738923772975
1076,9.512714501213074
1077,18.559335384468408
1078,19.603216262796973
1079,13.354184234428049
1080,4.101661203229893
1081,11.026557671001347
1082,14.928349509324551
1083,19.391223824575096
1084,14.685046021069507
1085,23.3549494681998
1086,7.003375406426347
1087,11.44823265849868
1088,18.341234949256815
1089,16.545680557986756
1090,11.741462724936069
1091,14.859667822457862
1092,18.562308958337297
1093,12.685398877023143
1094,21.174374412187902
1095,20.211369735156058
1096,12.67754636917389
1097,15.297512344962051
1098,12.836273865253045
1099,8.349761312716739
1100,10.336089319768414
1101,22.084433996083707
1102,15.157119794612893
1103,15.713393772443899
1104,9.565638048244878
1105,19.243413750993437
1106,5.0943174664181665
1107,13.90197225355468
1108,18.64059514117494
1109,18.416015960269853
1110,18.01753578457265
1111,14.668953168787276
1112,18.334212896625075
1113,7.272002001619224
1114,16.675593055888378
1115,14.522653503013617
1116,20.331029433898046
1117,19.34661706508203
1118,9.215866582523198
1119,9.92715252189687
1120,16.015638434725233
1121,20.258597839981903
1122,5.302132384063171
1123,13.052471581646694
1124,13.385873502148968
1125,8.84427681819315
1126,21.549400830921755
1127,15.4002193778252
1128,15.083645256652712
1129,14.451949028981174
1130,17.415508100921308
1131,13.199402794352505
1132,15.024744332677793
1133,12.831609597991848
1134,13.347610723672823
1135,14.378806704218388
1136,18.19050972164193
1137,18.20332250039843
1138,11.000949737691482
1139,14.981616894427894
1140,11.447190229931334
1141,14.50207320315939
1142,18.544259548542428
1143,10.48614467790948
1144,13.025726097317891
1145,23.265254317089614
1146,17.842358405219958
1147,17.27796960660802
1148,19.284970104560575
1149,17.83984851225267
1150,12.751271408082793
1151,8.740785911074628
1152,16.45022795690054
1153,15.912847773417239
1154,16.824939306515347
1155,10.964102476982003
1156,18.496780091182547
1157,9.575349744454234
1158,14.61561355658221
1159,7.574962025926321
1160,18.531046556567556
1161,16.032722939455205
1162,15.769469560708737
1163,8.583442032280221
1164,12.58482290130266
1165,15.973363204092887
1166,12.040766258495472
1167,17.406086069284427
1168,13.71746113379646
1169,11.644885080376586
1170,20.12441305832801
1171,15.51622006754793
1172,14.87886795295922
1173,12.207952528491901
1174,17.17086974765975
1175,6.117160439179668
1176,18.012939729824936
1177,19.381749962761837
1178,18.359097585387403
1179,14.82276987546336
1180,17.654777717184416
1181,21.664685951504826
1182,11.049449632415477
1183,13.175630269384884
1184,15.8741984342418
1185,19.205404904993447
1186,20.005880143004322
1187,21.47138907122103
1188,18.089652599341804
1189,14.677501350337371
1190,10.516145050141652
1191,10.41292986237609
1192,21.18887720318681
1193,17.993547594153412
1194,17.478422808549777
1195,15.710687287369467
1196,13.772769968056041
1197,17.25203225673664
1198,16.525871232224645
1199,13.447955149141938
1200,15.536910782752111
1201,15.788973924714758
1202,10.55145369801629
1203,10.420630986030835
1204,19.045399872807312
1205,10.994991679819242
1206,9.749258029005116
1207,12.403974214885617
1208,14.871996025299875
1209,20.168912413907336
1210,22.9202296525125
1211,16.384452042073416
1212,14.154588597938348
1213,22.161540446942507
1214,18.65242804102329
1215,13.082358659583534
1216,14.163589863842855
1217,16.410919435924868
1218,10.591525066433471
1219,12.588095689760333
1220,11.26304012434247
1221,15.901765474941548
1222,11.229536273357969
1223,15.131834745958873
1224,7.2535733491540775
1225,5.976583365050143
1226,15.949584873685287
1227,7.234797793440595
1228,7.54111031767175
1229,23.833385498858192
1230,17.079532662596048
1231,12.841980369041782
1232,21.399759731797626
1233,9.900682199863793
1234,16.72071880893028
1235,17.411521878095968
1236,5.330586070479288
1237,18.03259756916549
1238,12.948921989318409
1239,11.391478796620815
1240,16.646898092363802
1241,9.429303730992405
1242,13.0066582993121
1243,13.516317020688462
1244,21.373564248178056
1245,18.42237731316046
1246,18.673316804245808
1247,15.088550538171923
1248,13.272435969848399
1249,14.57741478882535
1250,18.32851119427674
1251,20.624133028534832
1252,16.623366868485814
1253,10.874936936669046
1254,14.832403435647095
1255,11.345433693463841
1256,10.78562707858881
1257,15.427592050560758
1258,12.452633995564712
1259,9.619250676797753
1260,17.73781823550777
1261,11.339285196086276
1262,17.041641620822134
1263,23.298888204031055
1264,13.266005876175132
1265,15.791547024128306
1266,9.389951435831893
1267,13.321372045141715
1268,23.088481289875173
1269,9.869698924214356
1270,12.504813597400368
1271,12.209253112309025
1272,7.239496892760607
1273,12.779523530633448
1274,12.946126901163053
1275,11.876141928809618
1276,10.358975611167724
1277,13.838458900438397
1278,12.037881535932408
1279,7.378746763690837
1280,12.528180302957818
1281,9.760801523303863
1282,15.875022407471745
1283,12.144531841168417
1284,11.935565537110913
1285,19.85206743548222
1286,6.970512331016331
1287,12.756860957736876
1288,15.061083793873326
1289,20.636833131175727
1290,17.380652087019946
1291,12.734640615887406
1292,16.2769735300819
1293,18.09310257596862
1294,17.79008338528931
1295,17.212832802310704
1296,20.94836773017526
1297,13.178741974619951
1298,12.513707516147644
1299,14.983837027263135
1300,17.076928436481232
1301,20.349787358874124
1302,23.664025339530795
1303,18.697356574665115
1304,12.043045797194518
1305,16.59063287879509
1306,12.04430753280846
1307,13.515241484615444
1308,19.965716459914287
1309,14.878242543842454
1310,12.929919110733838
1311,16.729395658298866
1312,15.37879270449755
1313,12.118234895789584
1314,11.181860600915
1315,10.525726589174148
1316,16.206515753129494
1317,18.98014989420876
1318,14.415899479299112
1319,15.49431442510302
1320,18.06873339467619
1321,17.309701622794968
1322,16.255068577054473
1323,22.4888649731272
1324,6.18694135332066
1325,10.631637874681184
1326,7.0956653213089576
1327,10.16339434216509
1328,20.95178293756366
1329,20.571237432675886
1330,20.81127467785235
1331,21.59725960833776
1332,8.95590220165586
1333,18.888373213897548
1334,11.702770614346118
1335,14.285734872788051
1336,13.730285688188737
1337,22.874592665249377
1338,6.293442881657015
1339,13.974029034702404
1340,10.43862865779348
1341,15.753724806492807
1342,17.699493829876253
1343,16.628352233244737
1344,13.501917390134954
1345,13.480544067577103
1346,6.712733072146871
1347,8.772620685961469
1348,15.239278282244017
1349,11.923930001673199
1350,11.837766428212252
1351,13.98774149101599
1352,7.8045636869906225
1353,17.70257658270513
1354,15.71512063492602
1355,12.343677308490802
1356,13.392173390350928
1357,14.833718263794442
1358,10.870525421543224
1359,12.487848164493556
1360,21.493160911517453
1361,12.68710813077073
1362,18.902024839698296
1363,15.17025704579837
1364,14.886569562877579
1365,10.703218220949921
1366,14.616497961592067
1367,11.739593055074565
1368,10.126380797401028
1369,14.182461125407698
1370,12.948760964189852
1371,10.242340666178118
1372,11.65629493410208
1373,13.040905699862295
1374,18.765615279309884
1375,15.258071879069801
1376,11.725838761069554
1377,8.029323332428325
1378,19.027435003903577
1379,9.340995258226675
1380,14.676636553254887
1381,17.172692360055894
1382,16.3713756962528
1383,11.133730871388085
1384,8.351634397500632
1385,14.135727991805773
1386,15.026318908670977
1387,14.113755036373913
1388,16.578901409049234
1389,16.76675063097051
1390,16.77908169294403
1391,11.618823539244927
1392,11.880860871013915
1393,9.833276595684618
1394,13.55246755153501
1395,16.48888683779057
1396,4.853679902242119
1397,11.520775030272421
1398,13.560662971974185
1399,18.33181863743866
1400,21.837511587996385
1401,8.479866544414215
1402,17.838631084571904
1403,7.600378878760148
1404,16.26232401073319
1405,7.358674987178468
1406,16.46199150848782
1407,14.261562042233113
1408,12.25310198262038
1409,12.7769356401927
1410,11.85578011385716
1411,16.108875453826116
1412,14.888571227043057
1413,13.080057203541767
1414,12.628229295851241
1415,15.45482646406845
1416,8.03360392979655
1417,15.6879867302612
1418,17.945079601158763
1419,13.329456290251075
1420,14.984121952747545
1421,14.604399624747513
1422,7.7978107878018585
1423,14.061262319359285
1424,8.579536144475572
1425,10.415857879315721
1426,9.833100412287314
1427,15.203099128103684
1428,14.96945525340438
1429,15.911459668296972
1430,14.224523358167357
1431,10.212590736884717
1432,13.001772032486542
1433,15.427615505775677
1434,11.956829458239588
1435,11.779810880409554
1436,8.303998588102539
1437,13.587550238128134
1438,6.021942330789429
1439,9.226852178029
1440,8.160347758455282
1441,21.37278790001335
1442,15.496295249634628
1443,9.333556714388964
1444,18.153060338410608
1445,9.446802358760708
1446,14.316655540716255
1447,13.295030927997976
1448,17.120778898839777
1449,15.845307006730177
1450,9.156742093522285
1451,15.839311425135923
1452,9.788343366733875
1453,14.229784849958724
1454,17.304135577294545
1455,11.612841607941077
1456,16.056103812887855
1457,21.821057441569096
1458,15.226736151835004
1459,19.24121106277095
1460,7.060567099776613
1461,15.882559301841402
1462,17.77355465362392
1463,11.954863946362451
1464,14.57043055936064
1465,15.548648058573018
1466,4.849418111274015
1467,16.667254556238884
1468,22.245396432482643
1469,14.066091098066467
1470,14.25972838025313
1471,12.011233655741604
1472,11.620732776670147
1473,17.946117095894056
1474,5.649756119478883
1475,21.518362001897856
1476,16.938796009107833
1477,8.268484063152098
1478,15.984167020923346
1479,12.308344417428287
1480,12.747960400391197
1481,18.75069873781233
1482,17.05284198037087
1483,5.999542946977855
1484,24.032517673879234
1485,10.86286123228855
1486,7.642724386514418
1487,11.842360189310122
1488,19.3806821429331
1489,9.995656796907324
1490,13.049135582714309
1491,8.993922525469994
1492,25.538057546591205
1493,12.632694305536457
1494,16.989308608594623
1495,13.98091131204931
1496,13.069948540139507
1497,10.051437464415613
1498,8.926595856549119
1499,17.335001518316083
1500,13.207829419661053
1501,12.851252858519143
1502,16.56301359154737
1503,6.501380209503065
1504,12.016634118181802
1505,9.16132693503535
1506,19.850810109678775
1507,20.145650310493963
1508,14.309262792668045
1509,13.85779433894461
1510,12.942281889474057
1511,14.526126510025973
1512,21.99631023040568
1513,13.91750996196073
1514,14.969690067247308
1515,22.996457901562415
1516,22.99787026408806
1517,10.078873449675575
1518,14.268434612626146
1519,15.288725034985603
1520,14.61077661709843
1521,21.940045852261157
1522,9.942404387977698
1523,16.627188665655964
1524,10.354470776982321
1525,15.88784855813476
1526,9.136107381819356
1527,16.67979757131696
1528,14.226576988967112
1529,7.633446686914696
1530,7.53589396358909
1531,5.691967207399563
1532,14.303833848070978
1533,10.417777044877319
1534,6.991217617879827
1535,13.73373848862058
1536,10.86865706023303
1537,11.938462819089763
1538,7.310040311548332
1539,15.573541079608821
1540,14.072258198758842
1541,8.385328350866661
1542,14.022889256159234
1543,14.766699707639363
1544,19.723245602661432
1545,13.455959826220552
1546,17.53089212931777
1547,14.476789969029605
1548,15.320277630917348
1549,12.19225776607155
1550,19.896459251302648
1551,10.18755075786567
1552,9.13957025445461
1553,14.965409717708718
1554,10.750967952069844
1555,12.461213251014883
1556,12.808044602815547
1557,12.958685100825168
1558,16.066833359546475
1559,17.040270202532113
1560,14.86523922713848
1561,16.593064907372426
1562,11.693036737003178
1563,18.066436259339635
1564,11.524680631765715
1565,18.868013317933467
1566,7.242695955581508
1567,11.199496878057369
1568,15.372897230265032
1569,12.907798262394849
1570,14.01709729388597
1571,18.651500085042443
1572,10.55435415947847
1573,12.554929146988735
1574,15.732216416653012
1575,11.317015797107471
1576,10.026669866369499
1577,16.041902005826923
1578,8.294516374021036
1579,18.742583995478146
1580,9.338157863613626
1581,7.158226566297022
1582,17.05121175425374
1583,10.37275733703919
1584,16.527786679144572
1585,7.66173579090995
1586,13.148375814661863
1587,9.80280293006873
1588,13.173833964510475
1589,7.5058819272363895
1590,14.879481317174482
1591,19.943223697282335
1592,19.38149355043421
1593,17.059428439208006
1594,18.261228312167134
1595,14.796577861567972
1596,14.576031077304282
1597,9.86705429801253
1598,9.89680649639117
1599,16.1654673816722
1600,10.505264548464272
1601,14.576292795520938
1602,11.869189395305362
1603,17.341036998195424
1604,13.859989646891584
1605,18.127282195442984
1606,4.2451437516202315
1607,7.20676548364804
1608,17.155079798000777
1609,19.399347940366198
1610,12.95849151022368
1611,15.24506354810932
1612,6.972414748446259
1613,9.178289177789202
1614,7.879551261087903
1615,11.870468074944174
1616,19.539361311399887
1617,10.756012360161185
1618,17.716916756294232
1619,11.885408876750889
1620,7.812850043139433
1621,10.27239883919671
1622,11.92402359494075
1623,8.657233437885322
1624,4.090088171858701
1625,15.62361299197401
1626,17.77539093064789
1627,9.24138634501088
1628,13.38762573587425
1629,18.321022961426664
1630,12.73799751036903
1631,14.42942431394931
1632,0.49177756021514474
1633,13.406320071328194
1634,12.16969387789406
1635,17.45623127046819
1636,12.1522624568816
1637,11.622614589314006
1638,10.847004720609453
1639,8.638131912226688
1640,12.759236075220597
1641,14.770277393577732
1642,12.16248797230701
1643,15.818697992464747
1644,8.438882867681647
1645,15.856990950674987
1646,18.917630033232047
1647,13.617419556879947
1648,16.561942541774158
1649,18.08832437498005
1650,11.596649591300752
1651,10.390635537429112
1652,15.80333023272598
1653,11.051444597942844
1654,14.446346332000056
1655,16.452516157667205
1656,14.925457938923211
1657,13.563515869215545
1658,12.725328211270613
1659,7.147570529612384
1660,13.544885447573469
1661,13.458221986476284
1662,9.58086018985593
1663,18.075087631639143
1664,17.938969736742752
1665,12.860642183186647
1666,19.62225073223603
1667,12.89270161735841
1668,11.885623581818471
1669,20.65350888435098
1670,10.81486375634
1671,5.456152673295851
1672,15.177632214056844
1673,6.79554589432151
1674,21.935298900751423
1675,9.181437579011837
1676,14.975159413578721
1677,10.978522862823018
1678,13.942242265245962
1679,13.1177175082294
1680,17.38166721034354
1681,23.839956655846336
1682,16.24276864355714
1683,14.341860880921654
1684,5.115365321605843
1685,20.30187292603841
1686,14.20703038116638
1687,13.510416171254654
1688,10.834599400173177
1689,13.873611725924007
1690,12.634054166193103
1691,11.648683791362545
1692,9.464022367941588
1693,15.058018724118421
1694,14.701469802166352
1695,21.804556250164577
1696,14.324687576133478
1697,12.617589878276467
1698,10.22286116100546
1699,14.382540543357168
1700,14.442667795122487
1701,19.108108633515243
1702,14.622067032474428
1703,21.50428962403326
1704,17.625007099155056
1705,16.570482397709416
1706,9.662160912338475
1707,12.807293214804893
1708,16.746214552720925
1709,11.1202818553504
1710,17.77316933624625
1711,14.477817136776252
1712,15.893195158833983
1713,20.035341391127186
1714,12.542583143600659
1715,17.28905910694688
1716,19.923414675343793
1717,13.374115047957833
1718,15.325706980342298
1719,6.994764885374248
1720,21.81660844748666
1721,20.21300453763099
1722,12.62514384580669
1723,12.446971405072311
1724,11.99015284467852
1725,19.784148577152852
1726,15.22717713606722
1727,11.922693330266178
1728,10.19858922609815
1729,12.43270888953446
1730,14.652742184073526
1731,13.495440329656
1732,16.488693802579316
1733,14.735242517349086
1734,17.571402176900857
1735,16.32482387628177
1736,11.094897070867521
1737,9.54990321690411
1738,15.325832172039386
1739,19.32801037064224
1740,10.051556663365696
1741,17.95266665614756
1742,20.133267366744487
1743,10.020405455562877
1744,9.67823081731086
1745,16.349851984241987
1746,7.194270893381209
1747,14.273650716811096
1748,18.285344162956893
1749,17.096206132684664
1750,17.974483697293973
1751,14.926990196418704
1752,23.750642795262106
1753,14.878913855247376
1754,18.938452275053923
1755,16.97259396441742
1756,11.029848830396844
1757,14.073163789409513
1758,17.823190074702644
1759,11.054906058029946
1760,15.175079065471031
1761,10.664012975240304
1762,11.880262533738353
1763,17.536131121802974
1764,8.979194802493174
1765,10.110832625614545
1766,15.656371557679726
1767,15.262661592751709
1768,8.367937284705368
1769,17.70512829886827
1770,12.084481009723971
1771,10.27661876351185
1772,12.137295182608181
1773,11.401512971871625
1774,8.934510492601758
1775,8.55889264034887
1776,19.679523551581475
1777,11.756543734976725
1778,11.799061776688413
1779,11.190152048681313
1780,19.876877914762876
1781,12.265483140256517
1782,15.163000157286413
1783,7.3225458644083865
1784,21.248212959043883
1785,19.476426529042833
1786,5.129441800800152
1787,12.603241247503593
1788,13.02027347129392
1789,11.714979981052604
1790,11.174953570268457
1791,12.35175238532528
1792,11.394673118489873
1793,21.30400601764383
1794,7.975499041328273
1795,9.87785290440876
1796,16.458068004092176
1797,15.478348337907729
1798,13.92769618771733
1799,16.27849606591976
1800,16.850469582233888
1801,7.877105731130869
1802,16.326763586372213
1803,14.670304264461961
1804,13.04842727344712
1805,16.79488841158573
1806,10.481164779117465
1807,11.22030558155888
1808,7.424139760798519
1809,18.31090948046303
1810,20.751410204924298
1811,10.826112263320523
1812,14.954550678612248
1813,6.575142032437442
1814,19.087293543403728
1815,8.679004943383966
1816,20.909167162593914
1817,23.67140784333145
1818,12.0480741969418
1819,15.810845250926654
1820,11.8803965722149
1821,15.058831215874408
1822,13.654076090452206
1823,10.727170783406248
1824,13.535418496446322
1825,18.580248347413086
1826,15.245144566076398
1827,12.23381026542989
1828,7.319313441736465
1829,17.529250415796643
1830,10.719107619953014
1831,12.89296882122168
1832,12.178675225465216
1833,12.885912335624182
1834,11.888003956738482
1835,14.199868292189366
1836,15.865845867714002
1837,18.1090549347705
1838,19.043230358292522
1839,18.24067134569735
1840,17.560303309007665
1841,17.017143368336946
1842,11.950378598544726
1843,13.660789178956671
1844,12.574905463575435
1845,9.937913738550604
1846,12.10452920487735
1847,17.442665306671238
1848,14.2758832359005
1849,17.374089766670036
1850,16.45200419797457
1851,19.151563899837353
1852,12.227041096515046
1853,17.06356352285942
1854,17.15641448607214
1855,15.531809161194998
1856,21.716602657375468
1857,10.907250266075062
1858,20.38123700590892
1859,13.549045032649115
1860,13.483479081072275
1861,7.795838079925434
1862,11.247410378841503
1863,13.281942534522106
1864,14.65497217982046
1865,16.18155343454866
1866,19.14156173492056
1867,14.811030957632088
1868,14.632427325783333
1869,12.845939509995121
1870,10.340161801277384
1871,20.236961658883175
1872,11.175541594400778
1873,19.738846940243818
1874,13.357757688322447
1875,11.377662099445953
1876,16.454910580168125
1877,9.917824124411379
1878,22.774971074554742
1879,10.626416839970803
1880,10.40508213220724
1881,18.995634526242434
1882,12.057021793986976
1883,8.760312513628742
1884,12.361611048584102
1885,16.833162473942906
1886,21.04756057241573
1887,12.670870068838106
1888,13.2843112224487
1889,14.035596516558583
1890,15.869744349150949
1891,11.669316160082426
1892,21.568461432419156
1893,10.779090197693895
1894,7.322575179136714
1895,11.508229990158958
1896,16.65154049960618
1897,5.282006549478174
1898,11.84330032745753
1899,14.784529092760087
1900,7.255960643081514
1901,12.06829660540529
1902,11.357934227420191
1903,8.385450689582038
1904,13.964078665620136
1905,14.908696419733365
1906,18.497867116487402
1907,19.36530224358268
1908,16.73145277050156
1909,6.179229330217206
1910,12.702036898676191
1911,20.557632065290015
1912,12.922529648935967
1913,6.77408987907726
1914,24.38747666037241
1915,16.255070890835054
1916,11.077767150456907
1917,15.801189545189109
1918,9.448505719437613
1919,19.56652626067983
1920,15.815767774801905
1921,22.068650940468622
1922,17.656549167977634
1923,18.16051360921381
1924,9.688332731664351
1925,10.639199860711383
1926,15.446445217171648
1927,17.008902826968374
1928,12.340978684803927
1929,20.676148221261556
1930,15.956397878425568
1931,16.04886381820657
1932,12.423930671115121
1933,16.741235680497127
1934,11.086719388479898
1935,14.254195688984407
1936,11.0918322776835
1937,16.82814762129803
1938,19.141577810121834
1939,16.17715761749349
1940,11.619203653582542
1941,22.568014946638478
1942,11.766278941834099
1943,5.289721135339319
1944,19.25542715638033
1945,14.232333254085477
1946,9.44360233549193
1947,14.07112277035467
1948,8.098030467379553
1949,19.300336313944598
1950,12.911984227076838
1951,15.180621909558045
1952,13.34960890619159
1953,8.564353858974279
1954,15.675201785256451
1955,16.253227535686882
1956,23.049444641033997
1957,11.367180841044966
1958,19.413317564489546
1959,13.71409298761134
1960,17.86448365250257
1961,18.499568727476436
1962,6.556491983167093
1963,9.746756728856452
1964,9.032720486512936
1965,18.99745537028517
1966,21.46862090518305
1967,11.120916350949722
1968,9.620004187436765
1969,12.067844231235954
1970,19.69413055628613
1971,15.494505289949807
1972,9.760273987057756
1973,12.784815354766508
1974,16.07138785306676
1975,13.225418159359847
1976,23.49917055141535
1977,12.569003118924075
1978,6.006877903393632
1979,9.158576773642894
1980,12.901695416067762
1981,20.96279172896487
1982,18.166673208012508
1983,14.315460628292335
1984,21.1296821299845
1985,12.173047546302008
1986,16.823627409549662
1987,11.281693110451172
1988,9.470900510481881
1989,3.623362976951844
1990,9.645830445136843
1991,17.544898781949335
1992,15.005577822113194
1993,15.51237036450957
1994,8.494540152357498
1995,14.141595640553874
1996,17.979640378482294
1997,11.876918596451489
1998,16.607735562361327
1999,11.351169431115334
2000,20.007666412262385
2001,14.662599760081466
2002,8.36885933789441
2003,11.429180277999032
2004,18.861485392046287
2005,16.888494651630403
2006,16.916777550441903
2007,15.681376746429505
2008,18.98491989206915
2009,20.6458982026614
2010,14.894638807060282
2011,15.560102551743324
2012,13.430672226639185
2013,14.362961456177755
2014,13.826708618974113
2015,8.193922246917085
2016,20.382330166890796
2017,20.639562559364855
2018,21.187795939718544
2019,13.954961804736456
2020,9.872980116678464
2021,14.436591744293684
2022,14.593583542735553
2023,16.702594679021722
2024,22.9388286072286
2025,6.200985420931746
2026,21.60997399109202
2027,12.660317166883695
2028,7.5763417216914775
2029,11.561526372834686
2030,13.168981325419432
2031,14.58450962568255
2032,16.46932802539215
2033,17.805146118185785
2034,16.27998471702641
2035,12.610050427013825
2036,14.69156995318135
2037,13.14050218225028
2038,11.88642310434349
2039,17.614523337618298
2040,19.884806496582385
2041,18.394976997473293
2042,15.337938291615451
2043,10.503413963215236
2044,15.717935891279065
2045,11.55666244478005
2046,11.086271908095407
2047,22.812660229142367
2048,19.534413899255345
2049,16.12777175451381
2050,7.725897241999396
2051,16.720960315435853
2052,17.409627020646077
2053,6.340075497302405
2054,14.081412581641912
2055,18.093980865517178
2056,14.901652715165623
2057,20.77403168509933
2058,16.775498545777303
2059,21.817888129625185
2060,11.492655072798144
2061,18.557524326302733
2062,13.466066562377128
2063,16.411395393440813
2064,10.770773403894239
2065,19.27315397250055
2066,16.83947582016715
2067,17.06017836306796
2068,8.283656154625042
2069,16.39505088648877
2070,11.717141753106757
2071,13.730725464738352
2072,15.730421148309583
2073,14.940471730764962
2074,16.041228563301743
2075,18.63039491085597
2076,14.84234604259231
2077,18.932751855678386
2078,13.858892312537142
2079,13.58789172381883
2080,11.815524364071933
2081,15.960196873745073
2082,19.835991276405725
2083,15.04892461298597
2084,4.5639836777692375
2085,15.073695312886493
2086,14.185204202774418
2087,14.328024345137402
2088,17.226911010722525
2089,17.02923537668207
2090,7.675459006523453
2091,12.962545313204142
2092,13.847685795311465
2093,12.046988671579305
2094,12.491227025907444
2095,21.105176261538855
2096,11.39023638870586
2097,18.063177089967
2098,17.089923573736506
2099,10.710603498945083
2100,18.969475595607374
2101,15.460207047057766
2102,21.847980437159816
2103,15.637166677120087
2104,12.482091281439793
2105,17.592628911513128
2106,10.743008618468899
2107,14.284181381462492
2108,18.366355452322583
2109,14.735053575208106
2110,16.54295806370138
2111,13.92372908567359
2112,9.749754795214978
2113,13.285736511306983
2114,18.63556821987247
2115,9.069619375317922
2116,12.737128000710127
2117,21.414344127113793
2118,14.728638948317439
2119,15.337038541657982
2120,10.738644256494672
2121,18.76244443183436
2122,11.796427230913455
2123,20.268710934866252
2124,7.992996676111407
2125,18.684842269463445
2126,18.641077309206366
2127,16.13473086560751
2128,12.551018349482437
2129,22.954403717679867
2130,12.463658985863157
2131,9.120184343697275
2132,13.31219058864458
2133,22.314951588776726
2134,19.690014135194406
2135,7.711827576100586
2136,12.340308736960093
2137,20.32560898640945
2138,6.888117750080716
2139,11.938558087554902
2140,10.399864705589746
2141,21.861471807886456
2142,17.553526679979534
2143,14.772631579684205
2144,13.495223234224184
2145,20.05236646195211
2146,17.001196689203613
2147,11.397482048861024
2148,12.794417351563556
2149,12.752535624429365
2150,15.452707202034755
2151,15.604199124872464
2152,12.359379720216213
2153,17.662374135492062
2154,12.293190060176316
2155,12.562231105843384
2156,17.893998671690735
2157,15.773460123153457
2158,11.680277245450977
2159,14.645922012449354
2160,13.922211978811669
2161,20.604614864815023
2162,19.676542169332574
2163,15.004812461584441
2164,10.19711262394177
2165,19.314994800644204
2166,15.1809104148687
2167,17.271397018953884
2168,13.767785855162117
2169,16.338608407826637
2170,19.340568188502978
2171,21.954111127685167
2172,14.272116512997293
2173,13.83110942445485
2174,15.567904423082567
2175,16.353051269435
2176,14.202988033439857
2177,15.447117252140751
2178,13.688846710179929
2179,11.696301840075607
2180,11.049814974967726
2181,16.86747664868192
2182,19.202124033492268
2183,16.817966380419033
2184,13.915160019154136
2185,17.54862316559687
2186,8.061850154092287
2187,13.985207071364849
2188,14.775293619572425
2189,14.135172557663893
2190,17.29255291335023
2191,8.582135570469102
2192,6.334364434664046
2193,21.45578291941706
2194,14.827868181132036
2195,16.375771800244575
2196,14.952325712810454
2197,8.822969986811124
2198,16.896291622512567
2199,24.306074257509362
2200,14.283126807180938
2201,19.312583539344658
2202,14.530135207806651
2203,3.953879273718725
2204,15.181431223468168
2205,10.725946754998992
2206,23.2302509620879
2207,20.82640394993694
2208,7.848921592101976
2209,16.60105776253644
2210,16.008026372326846
2211,15.966675439521277
2212,15.449953795621086
2213,14.398560987953683
2214,21.492539080545786
2215,20.560029025994165
2216,6.099394980035094
2217,11.631606229623241
2218,14.322235607919717
2219,12.395211830907442
2220,14.827673889541721
2221,15.204958687260254
2222,22.571034671491365
2223,19.165856832863057
2224,9.725775999502156
2225,10.331992214830084
2226,10.365119834676529
2227,14.12850917737624
2228,15.890589149816263
2229,18.07311449795969
2230,14.533771761202669
2231,22.081308487318108
2232,9.254655011349463
2233,20.35210299596812
2234,15.36683965719726
2235,21.22410838755744
2236,20.85740104203767
2237,14.864945934485007
2238,20.105693084837426
2239,12.110266085933107
2240,13.08566147996358
2241,8.214718940547769
2242,12.718514257769156
2243,19.77291165777833
2244,13.703214356321762
2245,13.21539432153108
2246,14.095755425495451
2247,13.698353304784813
2248,19.70667951222005
2249,17.15568078814676
2250,11.563476470216363
2251,13.656512539740287
2252,8.295226210285808
2253,19.33154641085145
2254,17.100540895519217
2255,17.483046929736545
2256,20.423008699675588
2257,12.972255513200228
2258,12.317193885818837
2259,16.9289528303239
2260,3.873122875006886
2261,13.783967390950506
2262,15.5160931873837
2263,19.910418462854697
2264,21.228407631066194
2265,11.79867412780425
2266,18.63391296981321
2267,15.747468301392333
2268,20.04440856760055
2269,16.719289573694525
2270,9.886941544719337
2271,11.87779740595813
2272,16.78924858880451
2273,10.037456411042525
2274,15.519786479744889
2275,17.659805461677234
2276,11.670954858594989
2277,15.793430889854132
2278,13.555843435474152
2279,7.062010277816512
2280,10.172782753406494
2281,3.8824603188799305
2282,10.716823015589235
2283,20.06114724884735
2284,12.367505907120805
2285,20.833588694237143
2286,18.1702669285769
2287,16.94714587895756
2288,10.58795061630904
2289,13.883724398373893
2290,9.182044686561378
2291,22.569391756187215
2292,12.06419235345395
2293,20.64329354587323
2294,9.2315470778724
2295,21.35125858057614
2296,6.209828063498277
2297,11.187464960192955
2298,16.598174172390888
2299,20.35089872752489
2300,17.486720010067106
2301,17.718540919195675
2302,12.00154503506622
2303,21.35338526283909
2304,16.29613947563636
2305,18.838453126144273
2306,13.785175809342014
2307,17.317273316744075
2308,15.03767044307753
2309,12.693564491245278
2310,13.672460502328036
2311,15.857323375649537
2312,10.533434003024361
2313,18.715856595512886
2314,15.741756560472831
2315,13.22687519660158
2316,19.008426194721547
2317,13.139788763446457
2318,14.940199846364406
2319,15.351177350636313
2320,12.456545226174038
2321,19.00264565485927
2322,9.711570592648762
2323,14.581304799477397
2324,9.878713364190988
2325,14.371360606068379
2326,14.931697089585388
2327,16.720030318725218
2328,15.139595712156513
2329,14.670549643417072
2330,17.95609126301826
2331,18.961636885771615
2332,9.934145328662124
2333,11.928187568089246
2334,21.119253186822615
2335,7.120554057397432
2336,13.376428423280606
2337,15.845894459993074
2338,13.574451486928188
2339,17.438591330922375
2340,15.758183683474272
2341,16.358409041926855
2342,12.732437440184743
2343,17.049727171597034
2344,13.11307142881599
2345,11.584815672529468
2346,11.028787504029223
2347,12.557577883968147
2348,20.847769238384938
2349,14.141002930392284
2350,13.413002724022602
2351,13.735080357216145
2352,19.84346568347725
2353,18.560883042826234
2354,12.813620800142328
2355,17.460580283517647
2356,20.77780018753712
2357,14.851870366918032
2358,20.90077688670905
2359,15.76172887695163
2360,7.976342477405942
2361,14.986636784826246
2362,16.49378942707677
2363,18.034602025521377
2364,18.10225723137951
2365,12.335510836863536
2366,21.33871080957833
2367,11.959688601177648
2368,13.15469835138195
2369,13.162131001495451
2370,11.524938372657111
2371,8.900954709582658
2372,11.983206771058356
2373,13.924493500892531
2374,14.309436299979959
2375,17.783203779601944
2376,6.512541435543506
2377,14.104003290199275
2378,14.501096031723256
2379,24.11185661405939
2380,8.737078676955568
2381,4.050964355743606
2382,11.513531928719248
2383,19.238176881059733
2384,10.357318809545163
2385,16.280094864072307
2386,24.124749512955102
2387,13.067997655276141
2388,9.240605294483974
2389,7.778337753412825
2390,5.192388635310362
2391,15.414344362195529
2392,15.501327939453724
2393,18.876163594706565
2394,13.195598454718954
2395,12.854414766964195
2396,9.197228601687055
2397,20.226203176779517
2398,18.810728619194276
2399,16.551282003234
2400,9.019886838474017
2401,10.533125604612716
2402,11.933714821224784
2403,20.539394831663717
2404,15.309579063046755
2405,11.721428799318312
2406,12.025845659086604
2407,14.285769089474687
2408,9.358774413267994
2409,17.54074649758991
2410,21.767631005391515
2411,8.778704535086897
2412,11.535684428869319
2413,10.604380653271647
2414,17.46074812753303
2415,19.968057057285563
2416,12.9267585952832
2417,21.060841949562725
2418,15.715503119191178
2419,17.172650410006
2420,12.507653704205396
2421,20.14971332262325
2422,16.13290970766502
2423,14.29786854588063
2424,11.61640216407521
2425,10.00059217284784
2426,14.766021202014121
2427,19.656887202963716
2428,21.624664642410792
2429,17.262748205185723
2430,14.015728548921011
2431,4.166710972053209
2432,11.836096671406018
2433,17.715051533799375
2434,15.158690933807481
2435,17.367765207568585
2436,14.186275421553777
2437,18.891658312422148
2438,13.570941452699195
2439,11.30111492362859
2440,8.344017392999042
2441,7.185858896062285
2442,7.976714132993634
2443,13.955444295573804
2444,17.904196782009002
2445,6.905724837822169
2446,13.016553116981774
2447,11.629160955963297
2448,11.718024431241204
2449,19.269716640345198
2450,13.77028184441401
2451,9.784825432891022
2452,11.066780879102353
2453,5.633644646990902
2454,22.40308402293867
2455,11.540874900922029
2456,12.060178935378223
2457,10.062446712705087
2458,11.162168120624159
2459,14.778938704613541
2460,20.66121405015047
2461,8.277137056360838
2462,16.173699258410956
2463,11.903893458459192
2464,9.752483694330442
2465,11.069584917405072
2466,8.811093837691839
2467,18.04124822874916
2468,12.44236924978503
2469,16.826941890527078
2470,14.220931903458949
2471,7.043084338755123
2472,21.155492059555634
2473,17.35464451351708
2474,9.884407908572687
2475,16.901464123908877
2476,4.9531094370010695
2477,15.182123844922423
2478,21.18179385463486
2479,12.981910524039385
2480,12.296459750190252
2481,16.710034434792885
2482,18.928165132174815
2483,12.906322443342095
2484,14.350141318090438
2485,21.64030274373558
2486,14.116043354561983
2487,18.11729232079177
2488,16.545837852501922
2489,11.949189560920853
2490,13.535284031783902
2491,19.465197557560035
2492,21.843729629167864
2493,6.69144097843139
2494,13.768374573219807
2495,10.72737321731131
2496,9.157457554036364
2497,13.135976806485294
2498,15.298287170063942
2499,8.163821706802755
2500,9.224885301775897
2501,11.515875079085646
2502,12.620928771158859
2503,15.41425478105277
2504,16.22858268402821
2505,21.70113995461619
2506,17.10829876412651
2507,10.165944456264793
2508,11.60058443317111
2509,18.709922170725083
2510,15.2391174860189
2511,10.571094267403948
2512,7.632639705174527
2513,15.109833311571649
2514,13.899502509566853
2515,11.33162546582371
2516,9.95460337985218
2517,9.75158059762328
2518,16.686572010733872
2519,15.51812899493013
2520,13.565519852588913
2521,20.66579108308908
2522,5.330709666585052
2523,15.90317744146382
2524,8.20509886781568
2525,17.059543825127804
2526,15.048434736498658
2527,18.841282171582527
2528,5.156700749742493
2529,11.106118581829305
2530,11.12362962273541
2531,13.553069830054934
2532,19.62363090198583
2533,11.921133143512412
2534,17.691099000878765
2535,16.38578696526136
2536,18.404703930883645
2537,20.97194099366552
2538,4.066335632867174
2539,14.433601247790762
2540,15.640886460086943
2541,12.905745430760671
2542,17.84827909994362
2543,16.625724173020096
2544,16.273999309184525
2545,13.22016031267872
2546,9.190462567225206
2547,7.230679053927944
2548,14.399383280016414
2549,19.42199956782742
2550,18.29476253818324
2551,12.670381532997817
2552,18.61886678985956
2553,9.888324448613188
2554,17.149468428813172
2555,18.304885386222242
2556,7.915774548122223
2557,13.264504179331183
2558,4.905793172040549
2559,13.137190786685705
2560,21.505636433390027
2561,12.68173681630093
2562,22.794682290162676
2563,14.14855620772968
2564,13.65391457835298
2565,13.638267767056181
2566,9.82185124708903
2567,17.797866335712964
2568,13.072063446113132
2569,15.377786088916377
2570,8.451615673888105
2571,11.699062924150729
2572,15.814253135804421
2573,9.992274289241077
2574,14.404443790667763
2575,12.504353243182456
2576,13.75231977519752
2577,14.726712766150284
2578,15.884677435246449
2579,16.491894674396768
2580,12.651739782377799
2581,16.42486328801206
2582,17.30087779613033
2583,18.412062838793393
2584,15.268846897279705
2585,10.027169035769186
2586,15.370199152857253
2587,19.07413416161166
2588,15.923801680300388
2589,9.235721029441512
2590,15.700147852432597
2591,13.265769185469475
2592,11.436139089731256
2593,13.297178622665342
2594,8.943649241244504
2595,13.12164128492387
2596,9.381638336117982
2597,20.189295078960857
2598,9.203937807609556
2599,21.319167621325864
2600,17.189481471923916
2601,9.674772087804252
2602,13.586668511669405
2603,15.120351216519127
2604,10.735321214810446
2605,18.33543287785305
2606,12.601609637873551
2607,13.451648436029291
2608,8.209892860062858
2609,18.407998072902046
2610,13.649947295237064
2611,24.066307993952957
2612,8.570923859799008
2613,9.260191987228902
2614,12.282424693477996
2615,12.954875946353203
2616,11.812613336235875
2617,12.91542850345066
2618,6.135095118306337
2619,18.070084288660254
2620,14.23821639994193
2621,13.776885889907497
2622,10.89175206898959
2623,9.696592266987697
2624,20.085750603294354
2625,5.30870845080412
2626,10.589541560704749
2627,12.679401121589223
2628,22.695732333174004
2629,10.62036908415827
2630,7.3559280816624995
2631,14.973624675299927
2632,10.074504821090457
2633,11.938373669813906
2634,17.609825966944875
2635,22.112501099043698
2636,17.14488528095187
2637,17.658161795694795
2638,21.548522777656647
2639,14.707608355287057
2640,10.057829564194975
2641,6.761827308009816
2642,20.570820771668206
2643,8.702667669651461
2644,17.06481580051538
2645,11.400789120365324
2646,18.14640441564933
2647,13.36807494406771
2648,20.993221257439163
2649,13.542875689440033
2650,8.826342685809752
2651,11.49886948842284
2652,14.284217383085458
2653,16.8412482219221
2654,11.052160862162054
2655,15.575451429349707
2656,19.204025695065493
2657,12.190684097650335
2658,15.212030699874974
2659,19.885163966932133
2660,12.648401878316735
2661,15.10813035347867
2662,12.895975785823108
2663,14.591351624386649
2664,9.72670431146352
2665,17.900043007544294
2666,12.551386286703213
2667,18.69352262836883
2668,22.639379614241765
2669,18.997664567963064
2670,12.903633171927524
2671,6.349468136856029
2672,17.007701918397675
2673,10.907590632688866
2674,14.254792779946909
2675,14.24291844691867
2676,21.09894232963987
2677,20.022071090023022
2678,18.732958291624104
2679,18.74132834936809
2680,17.387071398935106
2681,14.087420333017738
2682,5.191465553669568
2683,17.588942935205285
2684,16.674356351448697
2685,14.93002107692623
2686,1.3896854146374111
2687,11.749661200138876
2688,15.798533135622352
2689,16.213278415168194
2690,15.715167618131959
2691,6.779308206650372
2692,11.603462289980612
2693,17.044482478151565
2694,12.959339150922835
2695,9.652763141980863
2696,15.63948650153842
2697,11.947467310548678
2698,7.158096791933083
2699,14.139364161540128
2700,15.415357549200355
2701,14.508126599071428
2702,21.501839704400375
2703,9.809147376461576
2704,10.324531342003532
2705,17.11676999670361
2706,15.417669135378166
2707,21.486489512720173
2708,13.061092144115491
2709,7.732491014962275
2710,16.518919296696733
2711,6.753589677562668
2712,20.457839788067762
2713,22.95869147301715
2714,8.22026240274634
2715,9.936041523246942
2716,14.794374306160474
2717,11.422400422364941
2718,11.22337931492212
2719,14.706334220519027
2720,17.522708539650118
2721,16.81859725750748
2722,16.156075740474986
2723,11.556486187516771
2724,15.25814250884907
2725,15.067052933548892
2726,11.767229038444613
2727,21.95170764894481
2728,18.907267692887185
2729,12.229784571388038
2730,7.950669253371667
2731,18.788663786355627
2732,10.49630970586359
2733,13.797084721318473
2734,21.43940344993079
2735,14.05675102765214
2736,13.884316631053279
2737,11.800749260756799
2738,12.783630255278998
2739,18.176076470580657
2740,18.852450195131365
2741,9.656473112230406
2742,12.936154964261979
2743,13.587628257235362
2744,8.290447131922896
2745,17.893759918143957
2746,12.29509892504846
2747,19.796178242974797
2748,12.59874341020263
2749,8.913230897810422
2750,10.436532696652744
2751,15.125309060877878
2752,15.163977879748911
2753,5.355524671493886
2754,14.122791335940345
2755,12.89123303130426
2756,6.407936089054014
2757,16.29574658089473
2758,15.438291336143102
2759,17.31460496977691
2760,17.809889228689794
2761,11.228797602750095
2762,10.328119800158468
2763,17.577230795549124
2764,2.4069081396479586
2765,23.592078718200533
2766,17.583719756909762
2767,18.096105592161983
2768,11.986749784960303
2769,10.06117824699717
2770,10.440886764472406
2771,15.336427037965908
2772,12.416122335010481
2773,13.989764572069571
2774,15.125503282197052
2775,14.334411273233982
2776,16.335380519964144
2777,9.09391101044555
2778,10.296019846816229
2779,7.58204135509491
2780,19.898404838355468
2781,10.841434798128807
2782,15.291530053909279
2783,13.971925418493274
2784,17.08470080329667
2785,17.258783914698363
2786,17.241111011350792
2787,13.58348423855585
2788,16.303201197884288
2789,17.44167004505155
2790,12.35478237017228
2791,13.070008722010481
2792,13.48456036257092
2793,13.749653132316581
2794,12.439641073732883
2795,15.269083520181926
2796,23.23956554062209
2797,12.505627664729953
2798,8.076577762951429
2799,19.00211246757543
2800,10.291028742847603
2801,15.010944589390146
2802,12.68917689861875
2803,15.36072999079162
2804,13.248559101657646
2805,21.389244607599068
2806,17.805418036807083
2807,19.584825122194793
2808,16.1959526822686
2809,13.96245129579311
2810,15.080964799558696
2811,16.871239163969832
2812,12.286458497819764
2813,13.376139632564033
2814,15.685912649558826
2815,9.616284157722585
2816,17.067160259362073
2817,14.643832444430522
2818,20.326177915486266
2819,10.499859993475347
2820,13.4545005638032
2821,13.818726525770668
2822,16.47725627623762
2823,4.9167389376352695
2824,15.61810750528011
2825,18.586051104252487
2826,21.038147696488096
2827,14.782015625009022
2828,7.057583367603675
2829,12.861940945846094
2830,19.452114088916776
2831,12.639488542195318
2832,10.952719641737291
2833,13.78264759478969
2834,17.6573392324065
2835,15.404280039042535
2836,12.392052159495531
2837,18.18699855353587
2838,9.215186824008004
2839,13.674264913721538
2840,10.129075024799793
2841,12.044289774764309
2842,20.390631206678343
2843,10.681336430948573
2844,9.728524051248842
2845,12.253279433221822
2846,14.72183643099929
2847,14.757820887403621
2848,12.1464776997329
2849,18.261790332992618
2850,21.72710054597638
2851,9.160695388442774
2852,18.14210725557237
2853,21.56597203081159
2854,16.545272238180225
2855,13.137199519170819
2856,18.396252296341785
2857,11.190642666666657
2858,20.222319565653436
2859,12.815202955310404
2860,16.864791690655444
2861,17.695823816226238
2862,13.154712973099175
2863,12.896407597295614
2864,18.817434872224652
2865,16.54163276307073
2866,21.320159891668393
2867,19.869211483769906
2868,12.700580797274872
2869,21.511822134195246
2870,13.474855064840916
2871,10.024478659736772
2872,14.735743414259295
2873,17.199955288385958
2874,16.749096323232802
2875,17.801337394939363
2876,14.591162155970911
2877,5.598299722167547
2878,19.62261409636031
2879,16.98781152121719
2880,4.072144873864307
2881,14.965223050843289
2882,16.436517668802423
2883,16.13736738495392
2884,14.38422200429534
2885,19.704571233553608
2886,13.027689090652094
2887,6.941991070013117
2888,23.19159939569245
2889,15.774478479394109
2890,17.146169387803386
2891,16.2932221857
2892,16.41449836722533
2893,16.3643508128062
2894,19.162963804738997
2895,10.576272831500244
2896,15.215206462481524
2897,15.910775432800005
2898,7.940873603069301
2899,11.804795206889995
2900,13.84582341089713
2901,20.562888814171465
2902,9.641881400499258
2903,16.564768057471007
2904,16.412387162721146
2905,12.218293327667263
2906,14.267808983825027
2907,12.85545505897357
2908,17.08587487205475
2909,9.684208223801845
2910,10.529140470706759
2911,16.83110651049547
2912,16.631332056123387
2913,12.157406864915663
2914,15.51487910943457
2915,15.624592538213403
2916,16.070549134891294
2917,18.63521428073638
2918,16.094900259030677
2919,13.302625514071845
2920,18.79768142242859
2921,11.82200008391964
2922,20.159003417719266
2923,10.733311218373004
2924,8.005730835766341
2925,18.306852444546198
2926,8.620842625095596
2927,16.155287964901884
2928,11.71595863351217
2929,9.624820402605682
2930,18.171803439117927
2931,11.915959909877984
2932,10.88138863485862
2933,14.485082236235076
2934,15.75368643169108
2935,11.127547478970785
2936,19.808301257493177
2937,10.036799469663173
2938,13.822202086756217
2939,17.490532248911116
2940,14.712021673683424
2941,13.936751194652935
2942,19.816148474659226
2943,15.061061691682918
2944,16.637762876778645
2945,19.17493411048337
2946,10.743728551047566
2947,11.988664439368739
2948,19.889145219704517
2949,16.84976289126997
2950,12.690352745659183
2951,12.482265064917527
2952,21.895210587921135
2953,17.11279704073613
2954,14.548099205189777
2955,6.656486675819593
2956,14.675710050766186
2957,16.775808993942217
2958,17.440349919022406
2959,17.52871759158236
2960,7.603919671986559
2961,14.56864201449873
2962,9.373563043279345
2963,19.687450129415836
2964,11.129586118472748
2965,11.127257853750063
2966,18.806094874342858
2967,22.55401674029506
2968,15.813574062798194
2969,17.428858611763594
2970,11.349030825590996
2971,19.04516311896657
2972,16.852457294547044
2973,12.558691971699487
2974,9.192191540900264
2975,16.33076803954655
2976,10.981626748709544
2977,17.443860979241556
2978,15.442622796312676
2979,9.691567106048929
2980,19.722834502836474
2981,12.42483805470918
2982,7.821897781139127
2983,11.109896607088087
2984,6.429375657393396
2985,8.629217677303599
2986,8.676961424769159
2987,17.390501635992397
2988,9.862151225813102
2989,15.248971816945161
2990,17.1615030539831
2991,16.999525092859727
2992,9.775201636662157
2993,14.814517769014923
2994,14.20394162782332
2995,13.53460403550101
2996,9.928439898028339
2997,12.968304520326926
2998,13.196079269636778
2999,15.679505361911975
3000,12.394479498588577
3001,17.43377023513423
3002,14.217556389479693
3003,14.169253331391861
3004,16.73112359412818
3005,14.04935823072781
3006,13.824383320314148
3007,14.885800406210882
3008,16.59569114716565
3009,11.74433290344921
3010,17.73781742873684
3011,12.982412653515757
3012,12.734789527732804
3013,18.053442780754065
3014,7.225003558841827
3015,19.25726549148022
3016,16.574533770064022
3017,15.583639718415641
3018,13.272836079778333
3019,14.838575155937052
3020,18.040100366313325
3021,15.438154564402081
3022,14.04507347413679
3023,22.973040981566548
3024,10.480224730476829
3025,11.5477078238652
3026,7.687866600966099
3027,18.895167319118666
3028,15.196958958701101
3029,18.198731746979018
3030,13.902542097951047
3031,20.269197685122396
3032,11.070447162880287
3033,24.732932643882325
3034,16.890820068833627
3035,15.850727391842218
3036,8.772396714768893
3037,10.338948896874259
3038,15.819905086330785
3039,15.570808464578837
3040,12.688378308722934
3041,16.650345698836727
3042,8.061158229315959
3043,13.77197370435102
3044,12.967260562173793
3045,13.263607029466696
3046,9.424301124107208
3047,19.3010916419226
3048,25.67431855258053
3049,21.537309518918164
3050,21.98059561531321
3051,18.706230756298826
3052,15.042290678010206
3053,10.55084612158116
3054,20.081755535490462
3055,15.177976728854357
3056,9.038978252569386
3057,12.63669888252083
3058,13.736758055237464
3059,9.201146079128241
3060,12.133004160376329
3061,17.81456654532107
3062,5.902910067225094
3063,7.44453031754428
3064,11.247931102798185
3065,11.954861044872356
3066,5.659980506123179
3067,19.420319155860145
3068,15.237635856377153
3069,9.525383733553806
3070,17.036771949964656
3071,5.965066951140566
3072,10.078458012159173
3073,17.18069703149398
3074,15.294944582500673
3075,9.644649187645163
3076,6.053562034389501
3077,20.481905862632768
3078,18.12753524838842
3079,15.048751592497077
3080,22.7705833618792
3081,14.977463875601577
3082,13.021722280894556
3083,12.68597310818768
3084,12.45470146647122
3085,8.282647774073748
3086,20.08608004238787
3087,12.329297875928962
3088,15.705756732924995
3089,10.841156426668901
3090,18.793480636685103
3091,22.07144454744765
3092,18.27144920930942
3093,14.057514395430701
3094,18.47269882164161
3095,13.54984666390832
3096,12.972456725795714
3097,16.312415891576418
3098,11.196025587022913
3099,14.028132741180508
3100,8.086510234997432
3101,18.048325689629664
3102,13.910669377537713
3103,4.985698703215262
3104,10.26936089086053
3105,19.73125587574672
3106,15.779656139898155
3107,10.762001516438263
3108,10.49965155688281
3109,21.31478780936034
3110,21.458234834431682
3111,6.879490110456164
3112,14.43619657979147
3113,18.074499011079045
3114,17.64203575912833
3115,9.224875403304845
3116,10.439330720574922
3117,13.331672907030711
3118,15.751842755258458
3119,13.22779243797979
3120,16.063770349184615
3121,18.746913555308353
3122,8.632210627151224
3123,17.410681191001068
3124,14.970754430991779
3125,19.38045987145197
3126,11.581531575434836
3127,10.51426149324365
3128,15.557492241552355
3129,13.52838686704432
3130,15.472130354973872
3131,15.760868188868145
3132,18.958792651875516
3133,19.732290878698773
3134,11.709808700092212
3135,9.903987307458483
3136,13.685592119964452
3137,8.981014839839359
3138,16.08673429189747
3139,18.959132481737473
3140,19.30796988106317
3141,22.70207125659291
3142,11.157477102650123
3143,13.4200648975856
3144,18.920491562412238
3145,11.636949826195183
3146,23.28160097112993
3147,14.417997071816673
3148,10.236676790764566
3149,20.574678028424984
3150,16.904562301352158
3151,17.016416896998074
3152,18.107699920414657
3153,20.545932151889023
3154,9.844859905053207
3155,9.63479086199286
3156,12.53376189884295
3157,8.885895548951066
3158,13.444027939175667
3159,11.022459203891849
3160,15.511132433022288
3161,17.930282101718344
3162,4.73314496324086
3163,18.94657883698651
3164,12.9329920580118
3165,2.239132336807139
3166,16.741028239545944
3167,15.84473551332893
3168,20.90050302842985
3169,7.406163810242242
3170,13.926307432589843
3171,18.32360393834015
3172,19.6850105988123
3173,16.71612537440196
3174,11.90987841689919
3175,16.97964302083189
3176,17.446339919134378
3177,12.115206475732393
3178,13.82367977805318
3179,12.708957690898632
3180,8.51139591942881
3181,17.554163598833185
3182,13.996527395629537
3183,7.754560300905096
3184,11.81912034243731
3185,7.953590582090258
3186,17.43668509831951
3187,9.641972684129637
3188,14.173253884254642
3189,10.48031593705926
3190,16.82825558111736
3191,21.04400658590982
3192,6.953266075780836
3193,11.410519245105698
3194,15.066913095968063
3195,10.978131567786331
3196,14.17358228636693
3197,7.197492951057023
3198,12.267807292466712
3199,7.04971301201037
3200,16.367266002206605
3201,10.454372280458639
3202,9.866683039711862
3203,8.20412736240049
3204,20.00068957972586
3205,17.63951902953602
3206,20.35830987277125
3207,7.626090734701611
3208,22.634306381663805
3209,17.520889490993493
3210,16.72166668099042
3211,21.503814757827755
3212,5.9876575165747035
3213,14.669540687332308
3214,13.261907324777276
3215,22.035172723359942
3216,15.137583205141766
3217,7.473572227617786
3218,18.822844944307057
3219,17.785972387599546
3220,11.118004827885446
3221,18.662350403058955
3222,15.74108189807191
3223,20.287027956018292
3224,6.386733933951897
3225,16.131552151770638
3226,14.016841173337198
3227,12.429872931013474
3228,15.384075934206763
3229,11.112949699758612
3230,17.710914795923685
3231,17.25736110724877
3232,14.17476978532206
3233,8.03324080617008
3234,16.492154849150268
3235,13.630015031232528
3236,13.37174765966747
3237,14.549775823270155
3238,15.780927070056926
3239,12.670331606998488
3240,11.97128904862727
3241,16.68048843136136
3242,20.786949708306917
3243,20.72829716251399
3244,13.023540088335219
3245,19.226992176212665
3246,12.21425175721651
3247,20.5974119580944
3248,13.075794832767137
3249,19.02144134638262
3250,14.629643367861867
3251,15.599210197685869
3252,18.446356717135355
3253,13.644135640214085
3254,10.23528622496169
3255,21.550640979023182
3256,16.738772835441267
3257,8.818295858991497
3258,18.757967525158417
3259,9.431822326615613
3260,12.853788293584383
3261,13.050545577437658
3262,18.777947452254143
3263,9.518482321762539
3264,21.039054958571477
3265,9.231966958617505
3266,16.286582700220542
3267,17.687574614845076
3268,9.70717876714474
3269,13.162214696256171
3270,8.728657534911475
3271,7.169589901677128
3272,15.504675357210692
3273,10.061407916745555
3274,16.658885410708166
3275,18.85734931704796
3276,14.120792645481883
3277,12.364453683276185
3278,13.147802627739065
3279,14.316105192548331
3280,13.722022990162685
3281,13.028239674609678
3282,18.21643114672684
3283,14.793059888471474
3284,18.187440925573856
3285,16.054012217673563
3286,7.884863018505037
3287,15.647757878415495
3288,17.243766088774205
3289,10.26442654722016
3290,10.573962267589643
3291,14.672027369299402
3292,11.445651010769746
3293,12.720463181746998
3294,10.36372988189618
3295,17.883628726858575
3296,15.660202463656598
3297,9.63352214297564
3298,13.194103367733202
3299,16.968426694126638
3300,13.739875087316326
3301,12.6763665188235
3302,7.0476180531389865
3303,13.126109606877003
3304,16.49057405191338
3305,16.870753033926277
3306,11.934987596282657
3307,23.669719374400838
3308,7.010133860687436
3309,12.957212647957675
3310,17.107075245205568
3311,15.302631147070619
3312,13.12959377154574
3313,18.555597801697257
3314,18.98875898279843
3315,13.852646206248716
3316,9.467016575828834
3317,17.03150489096277
3318,14.146537505952953
3319,13.388590662490945
3320,16.845423636709388
3321,17.878599049465414
3322,18.909712365065733
3323,21.138208521209666
3324,11.899940325403763
3325,11.865392856281735
3326,16.829178517401395
3327,18.294218388263943
3328,15.195059752364442
3329,24.25345767769636
3330,21.809258779890122
3331,18.076369836547492
3332,18.31631535765413
3333,17.128060831077608
3334,12.939616075310447
3335,13.902964005459722
3336,7.51570780666643
3337,13.126340946382573
3338,12.966394650720103
3339,19.006069985528654
3340,13.46086091340866
3341,13.719816976241404
3342,13.842579479726094
3343,20.427616282547294
3344,15.282991783827216
3345,10.938440646663873
3346,10.902417912528938
3347,18.717707616683064
3348,10.75990532375745
3349,13.777280434865597
3350,10.296949444955898
3351,6.216830224944075
3352,14.771922030725824
3353,12.97533680102804
3354,23.324488594885672
3355,16.281831045197563
3356,12.579147427857452
3357,7.726468938832582
3358,8.916771154584968
3359,19.88876413661048
3360,6.63123414012258
3361,6.7079944166153105
3362,14.999929311554231
3363,15.940547000093499
3364,19.372442340371226
3365,14.939963369151938
3366,20.393076790684265
3367,10.37902885517192
3368,21.88104042827652
3369,1.6229702327094044
3370,12.37998427261051
3371,13.11877366136876
3372,17.775092359664317
3373,21.96939432214697
3374,5.864454507998978
3375,6.779786556666535
3376,13.01990915748177
3377,21.978517572109855
3378,21.54621894815067
3379,11.228464113742671
3380,14.989866142506976
3381,12.005557854772317
3382,10.44273046621981
3383,19.41566825245964
3384,12.675851252177853
3385,23.05860569318353
3386,14.97388846575193
3387,13.035177052397719
3388,10.757760461862954
3389,19.13831330050328
3390,17.590379109607447
3391,16.172218224850102
3392,9.627829762966293
3393,14.875437257666468
3394,9.8890612801217
3395,10.595897501990695
3396,13.538861372835935
3397,13.070998414527812
3398,14.379397083510934
3399,12.6348254612824
3400,21.233095147449216
3401,14.676657120787494
3402,21.606630647050903
3403,22.244259247164425
3404,23.12242495357109
3405,7.0385576458098855
3406,13.171408905209214
3407,9.382733976443342
3408,14.90547283419489
3409,18.386486307598886
3410,19.807585546302885
3411,6.932839610326792
3412,8.798101929396488
3413,15.893387059689262
3414,14.070170324451096
3415,22.397400627222627
3416,20.23812150409391
3417,7.8312329009056825
3418,12.659474028140941
3419,13.834655280337605
3420,17.307837721069586
3421,7.420878136704589
3422,8.99697196822916
3423,13.713758321769076
3424,14.9097501239637
3425,15.705948204689236
3426,13.676816462365212
3427,14.990639270406936
3428,14.402285234596638
3429,14.769305990125405
3430,12.690785589062903
3431,17.474225238761452
3432,19.12801311461711
3433,18.500838830372164
3434,8.347259839418669
3435,16.245727728176018
3436,24.133026714037964
3437,17.326916763733973
3438,11.729405578127032
3439,11.424939462649018
3440,12.598908963082918
3441,11.242963798579455
3442,21.680026633912167
3443,18.23364440084651
3444,13.376003798625106
3445,19.39928486373764
3446,11.079678741030135
3447,8.621807873784318
3448,12.704524994362188
3449,15.273122830395994
3450,17.360287477053337
3451,1.8468035834629377
3452,16.02767593840401
3453,15.120702583096861
3454,14.797096492818827
3455,20.387391651614973
3456,13.837434404443046
3457,12.013986383838512
3458,16.15488540415324
3459,15.070255790589686
3460,16.762690282890034
3461,14.714153251314508
3462,20.557534261390654
3463,15.874442467429768
3464,14.90481450551882
3465,3.2495121304491037
3466,19.743583695533648
3467,13.300792117318258
3468,21.181993243074118
3469,10.990179741636807
3470,16.716747444359214
3471,18.5854128671665
3472,20.643181064903317
3473,7.493461126049522
3474,10.106816047542758
3475,12.057243387416243
3476,14.346436036762771
3477,13.453310429649358
3478,7.4338611801673
3479,12.58119504834059
3480,6.245475963799459
3481,14.999216120769253
3482,9.242378312197525
3483,14.532952199560443
3484,15.636384541163835
3485,10.268601028973325
3486,10.191834617012825
3487,19.734060591521725
3488,9.771187651998503
3489,10.384633565261844
3490,15.516025021519466
3491,6.48585935764608
3492,16.69480196351213
3493,10.024701286873443
3494,10.252827112119315
3495,11.23764768543034
3496,16.479960611778864
3497,14.497397790479928
3498,18.30134956451784
3499,17.0026225094641
3500,24.155072917137957
3501,9.02144403038588
3502,12.350353383861984
3503,8.536244313496093
3504,14.743295415113
3505,15.43061509507686
3506,21.770621654260633
3507,13.734822159003588
3508,4.317869399435222
3509,13.088927875736957
3510,15.777017755387503
3511,6.905894404913101
3512,13.393417719603427
3513,13.290668444749354
3514,10.83011712779611
3515,12.854394804004388
3516,21.45040531253788
3517,19.7965640456552
3518,16.1149245858282
3519,18.0837411228483
3520,10.165834135279217
3521,21.755243185962115
3522,17.387705335782908
3523,18.519193210787638
3524,10.780703320187488
3525,20.627036948670415
3526,15.195996923804374
3527,18.111189732654005
3528,9.73879848971755
3529,16.70344680351762
3530,18.558561807777973
3531,14.013416838519483
3532,21.429143263159176
3533,7.661752219021859
3534,14.138211244615988
3535,11.287203398456759
3536,14.912931300464852
3537,15.146465244524077
3538,3.402166791908672
3539,16.43758083145734
3540,9.29317135073979
3541,16.41307952383273
3542,15.264279337786473
3543,8.33665096961349
3544,18.949620411280765
3545,12.90662497582856
3546,15.019331318048895
3547,10.919735822327949
3548,15.712507241554539
3549,24.061025945053263
3550,13.863586849223298
3551,22.024936441664146
3552,16.70837264480878
3553,19.477159687673097
3554,15.842175433839373
3555,16.929779732802295
3556,16.65442115318982
3557,15.834490862542374
3558,20.631522829813136
3559,19.849517406110888
3560,22.50721159732011
3561,19.144878138603392
3562,7.549329476334221
3563,18.316148140024154
3564,13.083686895706233
3565,11.082027047015243
3566,17.937195279830014
3567,17.567155224277496
3568,8.238352011293
3569,15.295209806781065
3570,20.489591358094653
3571,13.023462555154005
3572,21.44866037804566
3573,17.301771713671588
3574,14.797369242045933
3575,15.294130614340776
3576,18.732309924238823
3577,11.365774601824018
3578,20.02714826825149
3579,16.87748116736384
3580,16.828994400439868
3581,12.915551094113
3582,17.042028789747334
3583,10.451757329165043
3584,11.223742579066116
3585,17.931853390261924
3586,18.53974610086965
3587,21.838022152358924
3588,20.129951553371544
3589,14.128756199508846
3590,20.118890140643373
3591,20.87489189760742
3592,14.28335929552029
3593,16.96088799951788
3594,12.141707657511976
3595,10.633572641467175
3596,13.27285216857446
3597,13.339091280938154
3598,19.917952171809677
3599,19.311108039864965
3600,11.082050249569111
3601,8.232970102175152
3602,17.327816879594316
3603,8.381816592748192
3604,14.67875523382688
3605,13.321542689397115
3606,9.897650017845146
3607,20.132389246888575
3608,7.032117382808822
3609,17.477584396027495
3610,17.48800767401975
3611,13.80123929091178
3612,15.581084471628184
3613,19.51960950999515
3614,13.778871765630127
3615,6.201604506866612
3616,15.337255842152128
3617,18.156321170053097
3618,18.113945916949245
3619,11.754541809054468
3620,7.689318172708269
3621,12.548843697547193
3622,17.170230761226552
3623,21.883118320460582
3624,11.114445244860185
3625,19.008583691137957
3626,22.97403080325247
3627,6.782596720656172
3628,14.589576596280297
3629,16.46610692497558
3630,18.505087091251006
3631,18.381231372667212
3632,7.069510084603922
3633,9.962570259055331
3634,13.85061100248438
3635,9.53688372637284
3636,16.527125428981147
3637,13.05180592208815
3638,12.952212311098291
3639,7.234697035671824
3640,20.921631056677924
3641,17.694445663750066
3642,8.390655614358026
3643,11.622112654957116
3644,17.871016991413033
3645,12.50367913952197
3646,12.270382968169287
3647,15.494983353640459
3648,12.113482309055259
3649,17.45534814667979
3650,8.441814638587184
3651,15.782687443779746
3652,14.292266638260646
3653,9.063669511611607
3654,20.11696873908237
3655,10.772122672343885
3656,18.40211589783787
3657,16.925041310346383
3658,19.337775085730293
3659,12.437973877958187
3660,11.36483644205251
3661,13.173847276656007
3662,18.529473069494944
3663,17.818996793400363
3664,13.649276323495267
3665,10.993594545455043
3666,15.338269127145132
3667,13.321713401945063
3668,12.444070706879247
3669,18.861965630593854
3670,8.755688373452767
3671,13.867111806835302
3672,20.93764696337448
3673,10.147973936706466
3674,10.796089595258904
3675,18.184519745023167
3676,9.462421904276217
3677,9.782568101727717
3678,12.858986065386507
3679,12.702283667928706
3680,14.952971264645722
3681,14.14870416927566
3682,18.02969880107708
3683,18.29677768135213
3684,17.199181472846647
3685,9.112311349517375
3686,14.773288498708332
3687,6.782356698037614
3688,14.66676428715836
3689,9.846557056344457
3690,14.252841131348724
3691,16.189314185568346
3692,16.310118661064752
3693,18.90968368575652
3694,15.261869076075387
3695,19.0889511274102
3696,13.622411260477989
3697,11.418146882921091
3698,10.793449003083872
3699,10.873847023713587
3700,19.6288409530816
3701,15.874562744992648
3702,21.292876672624676
3703,11.631095199731087
3704,13.737204486778733
3705,8.51138460909062
3706,13.142500508383828
3707,15.465594947052235
3708,10.098171017287944
3709,12.321058196510867
3710,11.798691624391907
3711,16.62703216244429
3712,10.700224808976289
3713,23.8561966816327
3714,15.412536882518467
3715,18.615143667867585
3716,19.230398077100272
3717,16.839498324323667
3718,15.527324139781728
3719,15.797169121841439
3720,11.24577493884825
3721,14.855908307630497
3722,23.44023721765977
3723,19.023690962977568
3724,18.374407829366803
3725,13.73225214523019
3726,5.742098450058542
3727,18.1814563301339
3728,11.593607271825922
3729,8.862001152701923
3730,18.789785602154343
3731,13.203264953744013
3732,15.279626996463533
3733,9.910781300924654
3734,19.4645173273768
3735,14.947184382036848
3736,21.510450561233522
3737,9.956987917492178
3738,14.784072513920812
3739,15.648148843218722
3740,12.616553107893317
3741,18.397929495380406
3742,21.005747252693723
3743,12.533743834011297
3744,14.49554387391136
3745,11.169689836777627
3746,20.290745586700606
3747,18.846093089072163
3748,13.062294621823968
3749,13.926601998947206
3750,12.468569553113989
3751,17.153897088312394
3752,11.681142530223633
3753,22.050195955305753
3754,19.737163461550676
3755,17.405709735515902
3756,10.66980303222193
3757,15.377415812100612
3758,11.631958631324546
3759,16.606473024782876
3760,12.305644895117494
3761,16.727958501600348
3762,18.321312045876045
3763,11.892198154643195
3764,14.358506281692636
3765,13.249157814936565
3766,18.249463121061343
3767,14.450548001015731
3768,19.24022871236761
3769,16.89194419659016
3770,24.62992778464919
3771,16.582632565710647
3772,10.685958301251635
3773,7.100237581902363
3774,19.50898973911245
3775,12.56025171391834
3776,23.938061055899087
3777,16.85355220274266
3778,14.445456331124115
3779,14.719389936024715
3780,20.490401674030768
3781,18.066554147472505
3782,5.60732213184198
3783,12.186077351404451
3784,13.732013269630732
3785,16.29000233189173
3786,21.5871368452501
3787,14.183532572456153
3788,16.390903941286354
3789,16.467722751315968
3790,9.257387866495018
3791,11.032681201973515
3792,10.706783501602466
3793,20.14949925737406
3794,18.78519264497535
3795,16.920644518447947
3796,14.229348289141775
3797,13.376354762862993
3798,11.089710365751975
3799,14.345596179237832
3800,16.50368844377281
3801,16.41075760282855
3802,14.589279707577017
3803,17.184719066930988
3804,7.081790896924348
3805,16.901686414298453
3806,12.854403977100965
3807,16.70219303040332
3808,14.979697138448236
3809,13.685271603307015
3810,11.513602622957027
3811,13.342863490692539
3812,11.141915738868507
3813,17.242404057325793
3814,17.02851055759431
3815,15.465331175281083
3816,15.926366312432043
3817,13.02502306922628
3818,13.44375408183609
3819,15.534457468054846
3820,19.964888927736826
3821,14.16708388193366
3822,18.504995958511497
3823,14.85923387783705
3824,15.043141689155487
3825,10.59888898551678
3826,15.832888269180481
3827,10.961800422566577
3828,11.041046537943132
3829,17.612374028785858
3830,15.471020572230614
3831,6.855149316053445
3832,10.958921742810842
3833,21.293406890050157
3834,14.956858994213366
3835,11.281307534803961
3836,14.332516582178066
3837,15.418560394594131
3838,9.056992689558745
3839,15.46154479438508
3840,10.302661360553099
3841,15.705043243114284
3842,21.927351097519992
3843,17.862630311550415
3844,13.874000653237939
3845,16.262424641009932
3846,12.225470485479311
3847,15.558590689045992
3848,18.06828764127755
3849,18.995077260660253
3850,6.026162510796199
3851,13.827621740792752
3852,17.50902141427211
3853,9.184002460314755
3854,20.012194157559144
3855,16.808312188438514
3856,16.30887785434829
3857,17.248349811121077
3858,17.77599985649499
3859,16.831532429225074
3860,14.644425849326371
3861,7.006987809099343
3862,7.917366420016532
3863,13.778261935098891
3864,15.055990121968826
3865,9.007647089623388
3866,10.404004231486901
3867,14.209928959282465
3868,12.81556934444258
3869,11.948141804384889
3870,17.876813446213255
3871,8.186620572140598
3872,9.856718817202916
3873,14.504425265599767
3874,14.591598984660335
3875,9.183870610185796
3876,16.04745831665048
3877,19.059300961984004
3878,15.931903170788107
3879,16.735644969844934
3880,13.908422548056926
3881,12.482038872271685
3882,16.296527651174618
3883,19.723266063584315
3884,9.430740065639306
3885,17.03627928299934
3886,19.06972262749947
3887,9.720410689838797
3888,12.174604377505315
3889,17.215248250424526
3890,11.958660549375146
3891,11.671940826366235
3892,13.59620818650692
3893,20.43923546132167
3894,15.850014982249384
3895,6.424157180429734
3896,10.706515455094012
3897,12.310660896029011
3898,18.018810927716423
3899,9.104776586163652
3900,16.376400909633347
3901,9.527834027943591
3902,16.486942537436775
3903,15.831815681591934
3904,18.348179093304076
3905,22.04275872676442
3906,15.907281361524669
3907,10.584408009173083
3908,13.358337793184463
3909,15.72603216989339
3910,20.098281123954017
3911,10.762981786866078
3912,14.529831206392783
3913,11.087987937907977
3914,21.030451958125468
3915,13.105701042870892
3916,19.796668631800305
3917,7.574063591110253
3918,4.563835717959655
3919,12.550647287548681
3920,12.523623629561879
3921,14.792073113524218
3922,13.341343757425168
3923,15.335829205294568
3924,19.9422692061808
3925,14.428710493635688
3926,12.45956112474079
3927,7.431345822454866
3928,10.977666119666898
3929,15.221608306298245
3930,11.544961064025253
3931,18.055754131528836
3932,18.284098477301974
3933,17.039712399101916
3934,14.66731615238944
3935,10.11087665922486
3936,11.608961251445406
3937,12.41023302204478
3938,15.99591745763076
3939,21.206544469474167
3940,21.18908454410447
3941,8.762057494604369
3942,5.558173435481465
3943,13.745944663377315
3944,18.54504835884561
3945,7.0355369097658835
3946,10.347172388243838
3947,13.26164069131332
3948,21.987178528706497
3949,11.76217681745833
3950,19.06837115952776
3951,20.25154508667446
3952,8.339369016057303
3953,16.820183074474247
3954,15.464774320351106
3955,17.77937557966933
3956,15.957578603913158
3957,11.884146778042417
3958,16.438364941074912
3959,16.498183369079445
3960,18.10931035748231
3961,18.613797866241875
3962,12.479901701647151
3963,10.626045998751524
3964,16.53492337244117
3965,15.038882737627834
3966,14.53138308623685
3967,15.48658063944578
3968,15.65930933553324
3969,7.203382059701814
3970,14.611784305483654
3971,19.293826818905437
3972,19.501866376211858
3973,10.95161548004377
3974,17.65592530609493
3975,14.501294428334358
3976,18.360071539976612
3977,12.978775478237056
3978,21.89693901980136
3979,8.400143279427823
3980,22.71741836957311
3981,7.825598734367225
3982,10.92261140424149
3983,8.967087723207092
3984,14.38691430840819
3985,21.857029326834898
3986,19.690158434067836
3987,20.266914003697174
3988,9.751738233438685
3989,12.79399238550368
3990,6.37611687201234
3991,19.075563874024898
3992,14.816367047762263
3993,12.932673391963315
3994,14.062616421456298
3995,23.765650351237657
3996,16.459769465021903
3997,7.707418837923423
3998,17.763544361670693
3999,11.989725549777265
